id,type,author,instrumentType,region,universe,delay,decay,neutralization,truncation,pasteurization,unitHandling,nanHandling,language,visualization,code,description,operatorCount,dateCreated,dateSubmitted,dateModified,name,favorite,hidden,color,category,tags,classifications,grade,stage,status,pnl,bookSize,longCount,shortCount,turnover,returns,drawdown,margin,fitness,sharpe,startDate,checks,os,train,test,prod,competitions,themes,team,pyramids,self_corr,max_corr
d3ngr1j,REGULAR,JZ45236,EQUITY,USA,TOP3000,1,6,SUBINDUSTRY,0.08,ON,VERIFY,ON,FASTEXPR,False,"trade_when(ts_regression(returns, ts_step(5), 5, lag = 0, rettype = 2) > 0, group_neutralize(ts_sum(anl4_epsr_flag / split, 240),densify(subindustry)), -1)",,8,2025-06-12T16:03:50-04:00,,2025-06-12T20:03:51-04:00,fundamental6_usa_3step,False,False,GREEN,,['fundamental6_usa_3step'],[],GOOD,IS,UNSUBMITTED,6667031,20000000,2107,926,0.0203,0.1347,0.099,0.013284,1.65,1.59,2018-01-20,"[{'name': 'LOW_SHARPE', 'result': 'PASS', 'limit': 1.25, 'value': 1.59}, {'name': 'LOW_FITNESS', 'result': 'PASS', 'limit': 1.0, 'value': 1.65}, {'name': 'LOW_TURNOVER', 'result': 'PASS', 'limit': 0.01, 'value': 0.0203}, {'name': 'HIGH_TURNOVER', 'result': 'PASS', 'limit': 0.7, 'value': 0.0203}, {'name': 'CONCENTRATED_WEIGHT', 'result': 'PASS'}, {'name': 'LOW_SUB_UNIVERSE_SHARPE', 'result': 'PASS', 'limit': 0.69, 'value': 0.9}, {'name': 'SELF_CORRELATION', 'result': 'PENDING'}, {'name': 'MATCHES_COMPETITION', 'result': 'PASS', 'competitions': [{'id': 'challenge', 'name': 'Challenge'}, {'id': 'IQC2025S2', 'name': 'International Quant Championship 2025 Stage 2'}]}]",,,,,,,,,0.0,0.7852384740688891
NJnOQmL,REGULAR,JZ45236,EQUITY,USA,TOP3000,1,6,SUBINDUSTRY,0.08,ON,VERIFY,ON,FASTEXPR,False,"trade_when(group_rank(ts_std_dev(returns,60), sector) > 0.7, group_rank(-ts_quantile(anl4_cfi_low / fnd6_newa2v1300_ni, 120),densify(bucket(group_rank(cap,sector),range='0,1,0.1'))), -1)",,11,2025-06-12T17:06:35-04:00,,2025-06-12T21:06:37-04:00,fundamental6_usa_3step,False,False,,,['fundamental6_usa_3step'],[],AVERAGE,IS,UNSUBMITTED,3034016,20000000,922,1001,0.0274,0.0613,0.0484,0.004475,1.04,1.48,2018-01-20,"[{'name': 'LOW_SHARPE', 'result': 'PASS', 'limit': 1.25, 'value': 1.48}, {'name': 'LOW_FITNESS', 'result': 'PASS', 'limit': 1.0, 'value': 1.04}, {'name': 'LOW_TURNOVER', 'result': 'PASS', 'limit': 0.01, 'value': 0.0274}, {'name': 'HIGH_TURNOVER', 'result': 'PASS', 'limit': 0.7, 'value': 0.0274}, {'name': 'CONCENTRATED_WEIGHT', 'result': 'PASS'}, {'name': 'LOW_SUB_UNIVERSE_SHARPE', 'result': 'PASS', 'limit': 0.64, 'value': 0.91}, {'name': 'SELF_CORRELATION', 'result': 'PENDING'}, {'name': 'MATCHES_COMPETITION', 'result': 'PASS', 'competitions': [{'id': 'challenge', 'name': 'Challenge'}, {'id': 'IQC2025S2', 'name': 'International Quant Championship 2025 Stage 2'}]}]",,,,,,,,,0.0,0.7853672609245597
kWnLNGl,REGULAR,JZ45236,EQUITY,USA,TOP3000,1,6,SUBINDUSTRY,0.08,ON,VERIFY,ON,FASTEXPR,False,"trade_when(ts_regression(returns, ts_step(5), 5, lag = 0, rettype = 2) > 0, group_neutralize(ts_sum(anl4_epsr_flag / split, 240),densify(industry)), -1)",,8,2025-06-12T16:29:23-04:00,,2025-06-12T20:29:24-04:00,fundamental6_usa_3step,False,False,,,['fundamental6_usa_3step'],[],GOOD,IS,UNSUBMITTED,6654493,20000000,2118,934,0.0204,0.1345,0.0987,0.013163,1.65,1.59,2018-01-20,"[{'name': 'LOW_SHARPE', 'result': 'PASS', 'limit': 1.25, 'value': 1.59}, {'name': 'LOW_FITNESS', 'result': 'PASS', 'limit': 1.0, 'value': 1.65}, {'name': 'LOW_TURNOVER', 'result': 'PASS', 'limit': 0.01, 'value': 0.0204}, {'name': 'HIGH_TURNOVER', 'result': 'PASS', 'limit': 0.7, 'value': 0.0204}, {'name': 'CONCENTRATED_WEIGHT', 'result': 'PASS'}, {'name': 'LOW_SUB_UNIVERSE_SHARPE', 'result': 'PASS', 'limit': 0.69, 'value': 0.91}, {'name': 'SELF_CORRELATION', 'result': 'PENDING'}, {'name': 'MATCHES_COMPETITION', 'result': 'PASS', 'competitions': [{'id': 'challenge', 'name': 'Challenge'}, {'id': 'IQC2025S2', 'name': 'International Quant Championship 2025 Stage 2'}]}]",,,,,,,,,0.0,0.7855917265793343
l5QmjWn,REGULAR,JZ45236,EQUITY,USA,TOP3000,1,6,SUBINDUSTRY,0.08,ON,VERIFY,ON,FASTEXPR,False,"trade_when(ts_regression(returns, ts_step(5), 5, lag = 0, rettype = 2) > 0, group_neutralize(ts_sum(anl4_epsr_flag / split, 240),densify(market)), -1)",,8,2025-06-12T13:51:56-04:00,,2025-06-12T17:51:57-04:00,fundamental6_usa_3step,False,False,GREEN,,['fundamental6_usa_3step'],[],GOOD,IS,UNSUBMITTED,6725672,20000000,2117,935,0.0198,0.1359,0.0988,0.013703,1.67,1.6,2018-01-20,"[{'name': 'LOW_SHARPE', 'result': 'PASS', 'limit': 1.25, 'value': 1.6}, {'name': 'LOW_FITNESS', 'result': 'PASS', 'limit': 1.0, 'value': 1.67}, {'name': 'LOW_TURNOVER', 'result': 'PASS', 'limit': 0.01, 'value': 0.0198}, {'name': 'HIGH_TURNOVER', 'result': 'PASS', 'limit': 0.7, 'value': 0.0198}, {'name': 'CONCENTRATED_WEIGHT', 'result': 'PASS'}, {'name': 'LOW_SUB_UNIVERSE_SHARPE', 'result': 'PASS', 'limit': 0.69, 'value': 0.92}, {'name': 'SELF_CORRELATION', 'result': 'PENDING'}, {'name': 'MATCHES_COMPETITION', 'result': 'PASS', 'competitions': [{'id': 'challenge', 'name': 'Challenge'}, {'id': 'IQC2025S2', 'name': 'International Quant Championship 2025 Stage 2'}]}]",,,,,,,,,0.0,0.7859933048228317
eVnzaEO,REGULAR,JZ45236,EQUITY,USA,TOP3000,1,6,SUBINDUSTRY,0.08,ON,VERIFY,ON,FASTEXPR,False,"group_rank(-ts_zscore(anl4_cfi_low / fnd6_niadj, 120),densify(market))",,5,2025-06-12T17:57:02-04:00,,2025-06-12T21:57:04-04:00,fundamental6_usa_2step,False,False,,,['fundamental6_usa_2step'],[],AVERAGE,IS,UNSUBMITTED,2821495,20000000,1083,1721,0.0371,0.057,0.0436,0.003075,1.07,1.59,2018-01-20,"[{'name': 'LOW_SHARPE', 'result': 'PASS', 'limit': 1.25, 'value': 1.59}, {'name': 'LOW_FITNESS', 'result': 'PASS', 'limit': 1.0, 'value': 1.07}, {'name': 'LOW_TURNOVER', 'result': 'PASS', 'limit': 0.01, 'value': 0.0371}, {'name': 'HIGH_TURNOVER', 'result': 'PASS', 'limit': 0.7, 'value': 0.0371}, {'name': 'CONCENTRATED_WEIGHT', 'result': 'PASS'}, {'name': 'LOW_SUB_UNIVERSE_SHARPE', 'result': 'PASS', 'limit': 0.69, 'value': 1.14}, {'name': 'SELF_CORRELATION', 'result': 'PENDING'}, {'name': 'MATCHES_COMPETITION', 'result': 'PASS', 'competitions': [{'id': 'challenge', 'name': 'Challenge'}, {'id': 'IQC2025S2', 'name': 'International Quant Championship 2025 Stage 2'}]}]",,,,,,,,,0.0,0.7871954853831432
RlNW0rg,REGULAR,JZ45236,EQUITY,USA,TOP3000,1,6,SUBINDUSTRY,0.08,ON,VERIFY,ON,FASTEXPR,False,"group_rank(ts_arg_max(anl4_ebitda_low / fnd6_newa2v1300_oibdp, 22),densify(bucket(group_rank(cap,sector),range='0,1,0.1')))",,6,2025-06-12T15:11:55-04:00,,2025-06-12T19:11:57-04:00,fundamental6_usa_2step,False,False,GREEN,,['fundamental6_usa_2step'],[],AVERAGE,IS,UNSUBMITTED,3442552,20000000,1689,1211,0.0699,0.0696,0.0568,0.001989,1.25,1.68,2018-01-20,"[{'name': 'LOW_SHARPE', 'result': 'PASS', 'limit': 1.25, 'value': 1.68}, {'name': 'LOW_FITNESS', 'result': 'PASS', 'limit': 1.0, 'value': 1.25}, {'name': 'LOW_TURNOVER', 'result': 'PASS', 'limit': 0.01, 'value': 0.0699}, {'name': 'HIGH_TURNOVER', 'result': 'PASS', 'limit': 0.7, 'value': 0.0699}, {'name': 'CONCENTRATED_WEIGHT', 'result': 'PASS'}, {'name': 'LOW_SUB_UNIVERSE_SHARPE', 'result': 'PASS', 'limit': 0.73, 'value': 0.86}, {'name': 'SELF_CORRELATION', 'result': 'PENDING'}, {'name': 'MATCHES_COMPETITION', 'result': 'PASS', 'competitions': [{'id': 'challenge', 'name': 'Challenge'}, {'id': 'IQC2025S2', 'name': 'International Quant Championship 2025 Stage 2'}]}]",,,,,,,,,0.0,0.7912590873429036
7vxEYKx,REGULAR,JZ45236,EQUITY,USA,TOP3000,1,6,SUBINDUSTRY,0.08,ON,VERIFY,ON,FASTEXPR,False,"group_rank(ts_arg_max(anl4_ebitda_low / fnd6_newa2v1300_oibdp, 22),densify(bucket(rank(cap), range='0.1, 1, 0.1')))",,6,2025-06-12T15:06:56-04:00,,2025-06-12T19:06:58-04:00,fundamental6_usa_2step,False,False,GREEN,,['fundamental6_usa_2step'],[],AVERAGE,IS,UNSUBMITTED,3424551,20000000,1686,1213,0.0698,0.0692,0.0567,0.001983,1.24,1.67,2018-01-20,"[{'name': 'LOW_SHARPE', 'result': 'PASS', 'limit': 1.25, 'value': 1.67}, {'name': 'LOW_FITNESS', 'result': 'PASS', 'limit': 1.0, 'value': 1.24}, {'name': 'LOW_TURNOVER', 'result': 'PASS', 'limit': 0.01, 'value': 0.0698}, {'name': 'HIGH_TURNOVER', 'result': 'PASS', 'limit': 0.7, 'value': 0.0698}, {'name': 'CONCENTRATED_WEIGHT', 'result': 'PASS'}, {'name': 'LOW_SUB_UNIVERSE_SHARPE', 'result': 'PASS', 'limit': 0.72, 'value': 0.83}, {'name': 'SELF_CORRELATION', 'result': 'PENDING'}, {'name': 'MATCHES_COMPETITION', 'result': 'PASS', 'competitions': [{'id': 'challenge', 'name': 'Challenge'}, {'id': 'IQC2025S2', 'name': 'International Quant Championship 2025 Stage 2'}]}]",,,,,,,,,0.0,0.7921356105437357
brN8p8Z,REGULAR,JZ45236,EQUITY,USA,TOP3000,1,6,SUBINDUSTRY,0.08,ON,VERIFY,ON,FASTEXPR,False,"trade_when(ts_corr(close, volume, 20) < 0, group_rank(-ts_product(anl4_cfo_median / fnd2_oprlsfmpdcurr, 66),densify(subindustry)), abs(returns) > 0.1)",,10,2025-06-12T18:30:16-04:00,,2025-06-12T22:30:17-04:00,fundamental6_usa_3step,False,False,,,['fundamental6_usa_3step'],[],AVERAGE,IS,UNSUBMITTED,4360194,20000000,1639,878,0.0619,0.0881,0.0538,0.002847,1.33,1.59,2018-01-20,"[{'name': 'LOW_SHARPE', 'result': 'PASS', 'limit': 1.25, 'value': 1.59}, {'name': 'LOW_FITNESS', 'result': 'PASS', 'limit': 1.0, 'value': 1.33}, {'name': 'LOW_TURNOVER', 'result': 'PASS', 'limit': 0.01, 'value': 0.0619}, {'name': 'HIGH_TURNOVER', 'result': 'PASS', 'limit': 0.7, 'value': 0.0619}, {'name': 'CONCENTRATED_WEIGHT', 'result': 'PASS'}, {'name': 'LOW_SUB_UNIVERSE_SHARPE', 'result': 'PASS', 'limit': 0.69, 'value': 0.83}, {'name': 'SELF_CORRELATION', 'result': 'PENDING'}, {'name': 'MATCHES_COMPETITION', 'result': 'PASS', 'competitions': [{'id': 'challenge', 'name': 'Challenge'}, {'id': 'IQC2025S2', 'name': 'International Quant Championship 2025 Stage 2'}]}]",,,,,,,,,0.0,0.7962605921041502
pMnAvvg,REGULAR,JZ45236,EQUITY,USA,TOP3000,1,6,SUBINDUSTRY,0.08,ON,VERIFY,ON,FASTEXPR,False,"trade_when(group_rank(ts_std_dev(returns,60), sector) > 0.7, group_rank(ts_arg_max(anl4_capex_value / fnd6_newa1v1300_gp, 22),densify(bucket(group_rank(cap,sector),range='0,1,0.1'))), abs(returns) > 0.1)",,12,2025-06-12T15:06:34-04:00,,2025-06-12T19:06:38-04:00,fundamental6_usa_3step,False,False,,,['fundamental6_usa_3step'],[],AVERAGE,IS,UNSUBMITTED,3819580,20000000,597,707,0.1226,0.0772,0.0712,0.00126,1.15,1.46,2018-01-20,"[{'name': 'LOW_SHARPE', 'result': 'PASS', 'limit': 1.25, 'value': 1.46}, {'name': 'LOW_FITNESS', 'result': 'PASS', 'limit': 1.0, 'value': 1.15}, {'name': 'LOW_TURNOVER', 'result': 'PASS', 'limit': 0.01, 'value': 0.1226}, {'name': 'HIGH_TURNOVER', 'result': 'PASS', 'limit': 0.7, 'value': 0.1226}, {'name': 'CONCENTRATED_WEIGHT', 'result': 'PASS'}, {'name': 'LOW_SUB_UNIVERSE_SHARPE', 'result': 'PASS', 'limit': 0.63, 'value': 0.7}, {'name': 'SELF_CORRELATION', 'result': 'PENDING'}, {'name': 'MATCHES_COMPETITION', 'result': 'PASS', 'competitions': [{'id': 'challenge', 'name': 'Challenge'}, {'id': 'IQC2025S2', 'name': 'International Quant Championship 2025 Stage 2'}]}]",,,,,,,,,0.0,0.8001483716774627
9d9jaJd,REGULAR,JZ45236,EQUITY,USA,TOP3000,1,6,SUBINDUSTRY,0.08,ON,VERIFY,ON,FASTEXPR,False,"group_scale(-ts_product(anl4_cfo_low / fn_op_lease_min_pay_due_a, 5),densify(subindustry))",,5,2025-06-12T18:12:43-04:00,,2025-06-12T22:12:45-04:00,fundamental6_usa_2step,False,False,,,['fundamental6_usa_2step'],[],GOOD,IS,UNSUBMITTED,4722135,20000000,1873,977,0.012,0.0954,0.0516,0.015898,1.56,1.78,2018-01-20,"[{'name': 'LOW_SHARPE', 'result': 'PASS', 'limit': 1.25, 'value': 1.78}, {'name': 'LOW_FITNESS', 'result': 'PASS', 'limit': 1.0, 'value': 1.56}, {'name': 'LOW_TURNOVER', 'result': 'PASS', 'limit': 0.01, 'value': 0.012}, {'name': 'HIGH_TURNOVER', 'result': 'PASS', 'limit': 0.7, 'value': 0.012}, {'name': 'CONCENTRATED_WEIGHT', 'result': 'PASS'}, {'name': 'LOW_SUB_UNIVERSE_SHARPE', 'result': 'PASS', 'limit': 0.77, 'value': 1.15}, {'name': 'SELF_CORRELATION', 'result': 'PENDING'}, {'name': 'MATCHES_COMPETITION', 'result': 'PASS', 'competitions': [{'id': 'challenge', 'name': 'Challenge'}, {'id': 'IQC2025S2', 'name': 'International Quant Championship 2025 Stage 2'}]}]",,,,,,,,,0.0,0.8006543949639988
PYnZzKx,REGULAR,JZ45236,EQUITY,USA,TOP3000,1,6,SUBINDUSTRY,0.08,ON,VERIFY,ON,FASTEXPR,False,"group_neutralize(-ts_product(anl4_cfo_low / fn_op_lease_min_pay_due_a, 5),densify(sector))",,5,2025-06-12T18:07:20-04:00,,2025-06-12T22:07:21-04:00,fundamental6_usa_2step,False,False,,,['fundamental6_usa_2step'],[],GOOD,IS,UNSUBMITTED,5014377,20000000,1768,1001,0.0115,0.1013,0.0558,0.017642,1.52,1.69,2018-01-20,"[{'name': 'LOW_SHARPE', 'result': 'PASS', 'limit': 1.25, 'value': 1.69}, {'name': 'LOW_FITNESS', 'result': 'PASS', 'limit': 1.0, 'value': 1.52}, {'name': 'LOW_TURNOVER', 'result': 'PASS', 'limit': 0.01, 'value': 0.0115}, {'name': 'HIGH_TURNOVER', 'result': 'PASS', 'limit': 0.7, 'value': 0.0115}, {'name': 'CONCENTRATED_WEIGHT', 'result': 'PASS'}, {'name': 'LOW_SUB_UNIVERSE_SHARPE', 'result': 'PASS', 'limit': 0.73, 'value': 0.9}, {'name': 'SELF_CORRELATION', 'result': 'PENDING'}, {'name': 'MATCHES_COMPETITION', 'result': 'PASS', 'competitions': [{'id': 'challenge', 'name': 'Challenge'}, {'id': 'IQC2025S2', 'name': 'International Quant Championship 2025 Stage 2'}]}]",,,,,,,,,0.0,0.8024200731531198
3kE9v8O,REGULAR,JZ45236,EQUITY,USA,TOP3000,1,6,SUBINDUSTRY,0.08,ON,VERIFY,ON,FASTEXPR,False,"group_neutralize(-ts_product(anl4_cfo_low / fn_op_lease_min_pay_due_a, 5),densify(industry))",,5,2025-06-12T18:08:22-04:00,,2025-06-12T22:08:25-04:00,fundamental6_usa_2step,False,False,,,['fundamental6_usa_2step'],[],GOOD,IS,UNSUBMITTED,5018831,20000000,1779,1079,0.0115,0.1014,0.0558,0.017709,1.52,1.69,2018-01-20,"[{'name': 'LOW_SHARPE', 'result': 'PASS', 'limit': 1.25, 'value': 1.69}, {'name': 'LOW_FITNESS', 'result': 'PASS', 'limit': 1.0, 'value': 1.52}, {'name': 'LOW_TURNOVER', 'result': 'PASS', 'limit': 0.01, 'value': 0.0115}, {'name': 'HIGH_TURNOVER', 'result': 'PASS', 'limit': 0.7, 'value': 0.0115}, {'name': 'CONCENTRATED_WEIGHT', 'result': 'PASS'}, {'name': 'LOW_SUB_UNIVERSE_SHARPE', 'result': 'PASS', 'limit': 0.73, 'value': 0.91}, {'name': 'SELF_CORRELATION', 'result': 'PENDING'}, {'name': 'MATCHES_COMPETITION', 'result': 'PASS', 'competitions': [{'id': 'challenge', 'name': 'Challenge'}, {'id': 'IQC2025S2', 'name': 'International Quant Championship 2025 Stage 2'}]}]",,,,,,,,,0.0,0.8024810492952931
K5nOZ8N,REGULAR,JZ45236,EQUITY,USA,TOP3000,1,6,SUBINDUSTRY,0.08,ON,VERIFY,ON,FASTEXPR,False,"group_neutralize(-ts_product(anl4_cfo_low / fn_op_lease_min_pay_due_a, 5),densify(subindustry))",,5,2025-06-12T18:07:38-04:00,,2025-06-12T22:07:41-04:00,fundamental6_usa_2step,False,False,,,['fundamental6_usa_2step'],[],GOOD,IS,UNSUBMITTED,5018909,20000000,1867,1024,0.0114,0.1014,0.0558,0.017864,1.52,1.69,2018-01-20,"[{'name': 'LOW_SHARPE', 'result': 'PASS', 'limit': 1.25, 'value': 1.69}, {'name': 'LOW_FITNESS', 'result': 'PASS', 'limit': 1.0, 'value': 1.52}, {'name': 'LOW_TURNOVER', 'result': 'PASS', 'limit': 0.01, 'value': 0.0114}, {'name': 'HIGH_TURNOVER', 'result': 'PASS', 'limit': 0.7, 'value': 0.0114}, {'name': 'CONCENTRATED_WEIGHT', 'result': 'PASS'}, {'name': 'LOW_SUB_UNIVERSE_SHARPE', 'result': 'PASS', 'limit': 0.73, 'value': 0.91}, {'name': 'SELF_CORRELATION', 'result': 'PENDING'}, {'name': 'MATCHES_COMPETITION', 'result': 'PASS', 'competitions': [{'id': 'challenge', 'name': 'Challenge'}, {'id': 'IQC2025S2', 'name': 'International Quant Championship 2025 Stage 2'}]}]",,,,,,,,,0.0,0.8025117971752841
aQNLxnO,REGULAR,JZ45236,EQUITY,USA,TOP3000,1,6,SUBINDUSTRY,0.08,ON,VERIFY,ON,FASTEXPR,False,"group_neutralize(-ts_product(anl4_cfo_low / fn_op_lease_min_pay_due_a, 5),densify(market))",,5,2025-06-12T18:05:46-04:00,,2025-06-12T22:05:49-04:00,fundamental6_usa_2step,False,False,,,['fundamental6_usa_2step'],[],GOOD,IS,UNSUBMITTED,5057467,20000000,1737,976,0.0115,0.1022,0.0556,0.017802,1.54,1.7,2018-01-20,"[{'name': 'LOW_SHARPE', 'result': 'PASS', 'limit': 1.25, 'value': 1.7}, {'name': 'LOW_FITNESS', 'result': 'PASS', 'limit': 1.0, 'value': 1.54}, {'name': 'LOW_TURNOVER', 'result': 'PASS', 'limit': 0.01, 'value': 0.0115}, {'name': 'HIGH_TURNOVER', 'result': 'PASS', 'limit': 0.7, 'value': 0.0115}, {'name': 'CONCENTRATED_WEIGHT', 'result': 'PASS'}, {'name': 'LOW_SUB_UNIVERSE_SHARPE', 'result': 'PASS', 'limit': 0.74, 'value': 0.92}, {'name': 'SELF_CORRELATION', 'result': 'PENDING'}, {'name': 'MATCHES_COMPETITION', 'result': 'PASS', 'competitions': [{'id': 'challenge', 'name': 'Challenge'}, {'id': 'IQC2025S2', 'name': 'International Quant Championship 2025 Stage 2'}]}]",,,,,,,,,0.0,0.8025507998434712
ggmbpQJ,REGULAR,JZ45236,EQUITY,USA,TOP3000,1,6,SUBINDUSTRY,0.08,ON,VERIFY,ON,FASTEXPR,False,"group_scale(-ts_product(anl4_cfo_low / fn_op_lease_min_pay_due_a, 5),densify(market))",,5,2025-06-12T18:10:50-04:00,,2025-06-12T22:10:53-04:00,fundamental6_usa_2step,False,False,,,['fundamental6_usa_2step'],[],GOOD,IS,UNSUBMITTED,5055559,20000000,1793,952,0.0115,0.1022,0.0557,0.017775,1.54,1.7,2018-01-20,"[{'name': 'LOW_SHARPE', 'result': 'PASS', 'limit': 1.25, 'value': 1.7}, {'name': 'LOW_FITNESS', 'result': 'PASS', 'limit': 1.0, 'value': 1.54}, {'name': 'LOW_TURNOVER', 'result': 'PASS', 'limit': 0.01, 'value': 0.0115}, {'name': 'HIGH_TURNOVER', 'result': 'PASS', 'limit': 0.7, 'value': 0.0115}, {'name': 'CONCENTRATED_WEIGHT', 'result': 'PASS'}, {'name': 'LOW_SUB_UNIVERSE_SHARPE', 'result': 'PASS', 'limit': 0.74, 'value': 0.92}, {'name': 'SELF_CORRELATION', 'result': 'PENDING'}, {'name': 'MATCHES_COMPETITION', 'result': 'PASS', 'competitions': [{'id': 'challenge', 'name': 'Challenge'}, {'id': 'IQC2025S2', 'name': 'International Quant Championship 2025 Stage 2'}]}]",,,,,,,,,0.0,0.802781081354139
eVnb63M,REGULAR,JZ45236,EQUITY,USA,TOP3000,1,6,SUBINDUSTRY,0.08,ON,VERIFY,ON,FASTEXPR,False,"group_scale(-ts_product(anl4_cfo_low / fn_op_lease_min_pay_due_a, 5),densify(bucket(group_rank(cap,sector),range='0,1,0.1')))",,7,2025-06-12T18:15:15-04:00,,2025-06-12T22:15:17-04:00,fundamental6_usa_2step,False,False,,,['fundamental6_usa_2step'],[],GOOD,IS,UNSUBMITTED,5121941,20000000,1799,964,0.012,0.1035,0.0557,0.017182,1.57,1.73,2018-01-20,"[{'name': 'LOW_SHARPE', 'result': 'PASS', 'limit': 1.25, 'value': 1.73}, {'name': 'LOW_FITNESS', 'result': 'PASS', 'limit': 1.0, 'value': 1.57}, {'name': 'LOW_TURNOVER', 'result': 'PASS', 'limit': 0.01, 'value': 0.012}, {'name': 'HIGH_TURNOVER', 'result': 'PASS', 'limit': 0.7, 'value': 0.012}, {'name': 'CONCENTRATED_WEIGHT', 'result': 'PASS'}, {'name': 'LOW_SUB_UNIVERSE_SHARPE', 'result': 'PASS', 'limit': 0.75, 'value': 0.96}, {'name': 'SELF_CORRELATION', 'result': 'PENDING'}, {'name': 'MATCHES_COMPETITION', 'result': 'PASS', 'competitions': [{'id': 'challenge', 'name': 'Challenge'}, {'id': 'IQC2025S2', 'name': 'International Quant Championship 2025 Stage 2'}]}]",,,,,,,,,0.0,0.803928140926902
ArnN07l,REGULAR,JZ45236,EQUITY,USA,TOP3000,1,6,SUBINDUSTRY,0.08,ON,VERIFY,ON,FASTEXPR,False,"group_zscore(-ts_product(anl4_cfo_low / fn_op_lease_min_pay_due_a, 5),densify(sector))",,5,2025-06-12T18:14:40-04:00,,2025-06-12T22:14:44-04:00,fundamental6_usa_2step,False,False,,,['fundamental6_usa_2step'],[],GOOD,IS,UNSUBMITTED,5113558,20000000,1771,989,0.0117,0.1033,0.0574,0.017595,1.54,1.69,2018-01-20,"[{'name': 'LOW_SHARPE', 'result': 'PASS', 'limit': 1.25, 'value': 1.69}, {'name': 'LOW_FITNESS', 'result': 'PASS', 'limit': 1.0, 'value': 1.54}, {'name': 'LOW_TURNOVER', 'result': 'PASS', 'limit': 0.01, 'value': 0.0117}, {'name': 'HIGH_TURNOVER', 'result': 'PASS', 'limit': 0.7, 'value': 0.0117}, {'name': 'CONCENTRATED_WEIGHT', 'result': 'PASS'}, {'name': 'LOW_SUB_UNIVERSE_SHARPE', 'result': 'PASS', 'limit': 0.73, 'value': 0.97}, {'name': 'SELF_CORRELATION', 'result': 'PENDING'}, {'name': 'MATCHES_COMPETITION', 'result': 'PASS', 'competitions': [{'id': 'challenge', 'name': 'Challenge'}, {'id': 'IQC2025S2', 'name': 'International Quant Championship 2025 Stage 2'}]}]",,,,,,,,,0.0,0.8053854662370644
pMnvPRo,REGULAR,JZ45236,EQUITY,USA,TOP3000,1,6,SUBINDUSTRY,0.08,ON,VERIFY,ON,FASTEXPR,False,"trade_when(ts_arg_max(close, 5) == 0, group_rank(-ts_product(anl4_cfo_median / fnd2_oprlsfmpdcurr, 66),densify(subindustry)), -1)",,8,2025-06-12T18:33:54-04:00,,2025-06-12T22:33:56-04:00,fundamental6_usa_3step,False,False,,,['fundamental6_usa_3step'],[],AVERAGE,IS,UNSUBMITTED,5029073,20000000,1896,963,0.0136,0.1016,0.0657,0.014897,1.47,1.63,2018-01-20,"[{'name': 'LOW_SHARPE', 'result': 'PASS', 'limit': 1.25, 'value': 1.63}, {'name': 'LOW_FITNESS', 'result': 'PASS', 'limit': 1.0, 'value': 1.47}, {'name': 'LOW_TURNOVER', 'result': 'PASS', 'limit': 0.01, 'value': 0.0136}, {'name': 'HIGH_TURNOVER', 'result': 'PASS', 'limit': 0.7, 'value': 0.0136}, {'name': 'CONCENTRATED_WEIGHT', 'result': 'PASS'}, {'name': 'LOW_SUB_UNIVERSE_SHARPE', 'result': 'PASS', 'limit': 0.71, 'value': 0.75}, {'name': 'SELF_CORRELATION', 'result': 'PENDING'}, {'name': 'MATCHES_COMPETITION', 'result': 'PASS', 'competitions': [{'id': 'challenge', 'name': 'Challenge'}, {'id': 'IQC2025S2', 'name': 'International Quant Championship 2025 Stage 2'}]}]",,,,,,,,,0.0,0.8114112432386903
rNbOk9J,REGULAR,JZ45236,EQUITY,USA,TOP3000,1,6,SUBINDUSTRY,0.08,ON,VERIFY,ON,FASTEXPR,False,"group_rank(-ts_product(anl4_cfo_low / fn_op_lease_min_pay_due_a, 5),densify(bucket(rank(cap), range='0.1, 1, 0.1')))",,7,2025-06-12T18:11:16-04:00,,2025-06-12T22:11:19-04:00,fundamental6_usa_2step,False,False,,,['fundamental6_usa_2step'],[],GOOD,IS,UNSUBMITTED,4320691,20000000,1546,1511,0.0192,0.0873,0.048,0.009116,1.51,1.81,2018-01-20,"[{'name': 'LOW_SHARPE', 'result': 'PASS', 'limit': 1.25, 'value': 1.81}, {'name': 'LOW_FITNESS', 'result': 'PASS', 'limit': 1.0, 'value': 1.51}, {'name': 'LOW_TURNOVER', 'result': 'PASS', 'limit': 0.01, 'value': 0.0192}, {'name': 'HIGH_TURNOVER', 'result': 'PASS', 'limit': 0.7, 'value': 0.0192}, {'name': 'CONCENTRATED_WEIGHT', 'result': 'PASS'}, {'name': 'LOW_SUB_UNIVERSE_SHARPE', 'result': 'PASS', 'limit': 0.78, 'value': 0.96}, {'name': 'SELF_CORRELATION', 'result': 'PENDING'}, {'name': 'MATCHES_COMPETITION', 'result': 'PASS', 'competitions': [{'id': 'challenge', 'name': 'Challenge'}, {'id': 'IQC2025S2', 'name': 'International Quant Championship 2025 Stage 2'}]}]",,,,,,,,,0.0,0.813762718785345
vp5RdNG,REGULAR,JZ45236,EQUITY,USA,TOP3000,1,6,SUBINDUSTRY,0.08,ON,VERIFY,ON,FASTEXPR,False,"trade_when(ts_corr(close, volume, 5) > 0.5, group_rank(ts_arg_min(anl4_ebitda_value / pv13_revere_term_sector_total, 120),densify(market)), abs(returns) > 0.1)",,9,2025-06-12T14:18:18-04:00,,2025-06-12T18:18:19-04:00,fundamental6_usa_3step,False,False,GREEN,,['fundamental6_usa_3step'],[],AVERAGE,IS,UNSUBMITTED,4263202,20000000,1220,1352,0.0806,0.0862,0.0974,0.002137,1.33,1.6,2018-01-20,"[{'name': 'LOW_SHARPE', 'result': 'PASS', 'limit': 1.25, 'value': 1.6}, {'name': 'LOW_FITNESS', 'result': 'PASS', 'limit': 1.0, 'value': 1.33}, {'name': 'LOW_TURNOVER', 'result': 'PASS', 'limit': 0.01, 'value': 0.0806}, {'name': 'HIGH_TURNOVER', 'result': 'PASS', 'limit': 0.7, 'value': 0.0806}, {'name': 'CONCENTRATED_WEIGHT', 'result': 'PASS'}, {'name': 'LOW_SUB_UNIVERSE_SHARPE', 'result': 'PASS', 'limit': 0.69, 'value': 1.14}, {'name': 'SELF_CORRELATION', 'result': 'PENDING'}, {'name': 'MATCHES_COMPETITION', 'result': 'PASS', 'competitions': [{'id': 'challenge', 'name': 'Challenge'}, {'id': 'IQC2025S2', 'name': 'International Quant Championship 2025 Stage 2'}]}]",,,,,,,,,0.0,0.8290405688843944
QN2wZJr,REGULAR,JZ45236,EQUITY,USA,TOP3000,1,6,SUBINDUSTRY,0.08,ON,VERIFY,ON,FASTEXPR,False,"trade_when(ts_mean(volume,10)>ts_mean(volume,60), group_rank(ts_arg_min(anl4_ebitda_value / pv13_revere_term_sector_total, 120),densify(market)), abs(returns) > 0.1)",,10,2025-06-12T13:56:23-04:00,,2025-06-12T17:56:25-04:00,fundamental6_usa_3step,False,False,GREEN,,['fundamental6_usa_3step'],[],AVERAGE,IS,UNSUBMITTED,4186951,20000000,1203,1339,0.0766,0.0846,0.0802,0.002209,1.33,1.62,2018-01-20,"[{'name': 'LOW_SHARPE', 'result': 'PASS', 'limit': 1.25, 'value': 1.62}, {'name': 'LOW_FITNESS', 'result': 'PASS', 'limit': 1.0, 'value': 1.33}, {'name': 'LOW_TURNOVER', 'result': 'PASS', 'limit': 0.01, 'value': 0.0766}, {'name': 'HIGH_TURNOVER', 'result': 'PASS', 'limit': 0.7, 'value': 0.0766}, {'name': 'CONCENTRATED_WEIGHT', 'result': 'PASS'}, {'name': 'LOW_SUB_UNIVERSE_SHARPE', 'result': 'PASS', 'limit': 0.7, 'value': 1.03}, {'name': 'SELF_CORRELATION', 'result': 'PENDING'}, {'name': 'MATCHES_COMPETITION', 'result': 'PASS', 'competitions': [{'id': 'challenge', 'name': 'Challenge'}, {'id': 'IQC2025S2', 'name': 'International Quant Championship 2025 Stage 2'}]}]",,,,,,,,,0.0,0.8314354386555255
l57eOz8,REGULAR,JZ45236,EQUITY,USA,TOP3000,1,6,SUBINDUSTRY,0.08,ON,VERIFY,ON,FASTEXPR,False,"trade_when(ts_corr(close, volume, 5) > 0.3, group_rank(ts_arg_min(anl4_ebitda_value / pv13_revere_term_sector_total, 120),densify(market)), abs(returns) > 0.1)",,9,2025-06-12T14:15:35-04:00,,2025-06-12T18:15:37-04:00,fundamental6_usa_3step,False,False,GREEN,,['fundamental6_usa_3step'],[],AVERAGE,IS,UNSUBMITTED,4383395,20000000,1244,1382,0.0822,0.0886,0.0892,0.002155,1.36,1.61,2018-01-20,"[{'name': 'LOW_SHARPE', 'result': 'PASS', 'limit': 1.25, 'value': 1.61}, {'name': 'LOW_FITNESS', 'result': 'PASS', 'limit': 1.0, 'value': 1.36}, {'name': 'LOW_TURNOVER', 'result': 'PASS', 'limit': 0.01, 'value': 0.0822}, {'name': 'HIGH_TURNOVER', 'result': 'PASS', 'limit': 0.7, 'value': 0.0822}, {'name': 'CONCENTRATED_WEIGHT', 'result': 'PASS'}, {'name': 'LOW_SUB_UNIVERSE_SHARPE', 'result': 'PASS', 'limit': 0.7, 'value': 1.21}, {'name': 'SELF_CORRELATION', 'result': 'PENDING'}, {'name': 'MATCHES_COMPETITION', 'result': 'PASS', 'competitions': [{'id': 'challenge', 'name': 'Challenge'}, {'id': 'IQC2025S2', 'name': 'International Quant Championship 2025 Stage 2'}]}]",,,,,,,,,0.0,0.8372425777922471
0NAbjg2,REGULAR,JZ45236,EQUITY,USA,TOP3000,1,6,SUBINDUSTRY,0.08,ON,VERIFY,ON,FASTEXPR,False,"trade_when(ts_arg_max(close, 20) == 0, group_rank(ts_arg_min(anl4_ebitda_value / pv13_revere_term_sector_total, 120),densify(market)), -1)",,7,2025-06-12T14:11:17-04:00,,2025-06-12T18:11:19-04:00,fundamental6_usa_3step,False,False,GREEN,,['fundamental6_usa_3step'],[],AVERAGE,IS,UNSUBMITTED,4699460,20000000,1283,1415,0.0347,0.095,0.0675,0.005472,1.38,1.58,2018-01-20,"[{'name': 'LOW_SHARPE', 'result': 'PASS', 'limit': 1.25, 'value': 1.58}, {'name': 'LOW_FITNESS', 'result': 'PASS', 'limit': 1.0, 'value': 1.38}, {'name': 'LOW_TURNOVER', 'result': 'PASS', 'limit': 0.01, 'value': 0.0347}, {'name': 'HIGH_TURNOVER', 'result': 'PASS', 'limit': 0.7, 'value': 0.0347}, {'name': 'CONCENTRATED_WEIGHT', 'result': 'PASS'}, {'name': 'LOW_SUB_UNIVERSE_SHARPE', 'result': 'PASS', 'limit': 0.68, 'value': 1.11}, {'name': 'SELF_CORRELATION', 'result': 'PENDING'}, {'name': 'MATCHES_COMPETITION', 'result': 'PASS', 'competitions': [{'id': 'challenge', 'name': 'Challenge'}, {'id': 'IQC2025S2', 'name': 'International Quant Championship 2025 Stage 2'}]}]",,,,,,,,,0.0,0.8419094151937809
kWnx8MK,REGULAR,JZ45236,EQUITY,USA,TOP3000,1,6,SUBINDUSTRY,0.08,ON,VERIFY,ON,FASTEXPR,False,"trade_when(ts_corr(close, volume, 5) > 0, group_rank(ts_arg_min(anl4_ebitda_value / pv13_revere_term_sector_total, 120),densify(market)), abs(returns) > 0.1)",,9,2025-06-12T14:11:56-04:00,,2025-06-12T18:11:59-04:00,fundamental6_usa_3step,False,False,GREEN,,['fundamental6_usa_3step'],[],AVERAGE,IS,UNSUBMITTED,4481420,20000000,1262,1405,0.0835,0.0906,0.0853,0.002169,1.37,1.61,2018-01-20,"[{'name': 'LOW_SHARPE', 'result': 'PASS', 'limit': 1.25, 'value': 1.61}, {'name': 'LOW_FITNESS', 'result': 'PASS', 'limit': 1.0, 'value': 1.37}, {'name': 'LOW_TURNOVER', 'result': 'PASS', 'limit': 0.01, 'value': 0.0835}, {'name': 'HIGH_TURNOVER', 'result': 'PASS', 'limit': 0.7, 'value': 0.0835}, {'name': 'CONCENTRATED_WEIGHT', 'result': 'PASS'}, {'name': 'LOW_SUB_UNIVERSE_SHARPE', 'result': 'PASS', 'limit': 0.7, 'value': 1.22}, {'name': 'SELF_CORRELATION', 'result': 'PENDING'}, {'name': 'MATCHES_COMPETITION', 'result': 'PASS', 'competitions': [{'id': 'challenge', 'name': 'Challenge'}, {'id': 'IQC2025S2', 'name': 'International Quant Championship 2025 Stage 2'}]}]",,,,,,,,,0.0,0.8427417127381116
E8gdNnL,REGULAR,JZ45236,EQUITY,USA,TOP3000,1,6,SUBINDUSTRY,0.08,ON,VERIFY,ON,FASTEXPR,False,"trade_when(ts_corr(close, volume, 5) < 0, group_rank(ts_arg_min(anl4_ebitda_value / pv13_revere_term_sector_total, 120),densify(market)), abs(returns) > 0.1)",,9,2025-06-12T13:53:35-04:00,,2025-06-12T17:53:37-04:00,fundamental6_usa_3step,False,False,GREEN,,['fundamental6_usa_3step'],[],AVERAGE,IS,UNSUBMITTED,4402282,20000000,1245,1387,0.081,0.089,0.0644,0.002196,1.35,1.6,2018-01-20,"[{'name': 'LOW_SHARPE', 'result': 'PASS', 'limit': 1.25, 'value': 1.6}, {'name': 'LOW_FITNESS', 'result': 'PASS', 'limit': 1.0, 'value': 1.35}, {'name': 'LOW_TURNOVER', 'result': 'PASS', 'limit': 0.01, 'value': 0.081}, {'name': 'HIGH_TURNOVER', 'result': 'PASS', 'limit': 0.7, 'value': 0.081}, {'name': 'CONCENTRATED_WEIGHT', 'result': 'PASS'}, {'name': 'LOW_SUB_UNIVERSE_SHARPE', 'result': 'PASS', 'limit': 0.69, 'value': 0.87}, {'name': 'SELF_CORRELATION', 'result': 'PENDING'}, {'name': 'MATCHES_COMPETITION', 'result': 'PASS', 'competitions': [{'id': 'challenge', 'name': 'Challenge'}, {'id': 'IQC2025S2', 'name': 'International Quant Championship 2025 Stage 2'}]}]",,,,,,,,,0.0,0.8453259463709224
AraYOwl,REGULAR,JZ45236,EQUITY,USA,TOP3000,1,6,SUBINDUSTRY,0.08,ON,VERIFY,ON,FASTEXPR,False,"trade_when(ts_corr(close, volume, 20) > 0.3, group_rank(ts_arg_min(anl4_ebitda_value / pv13_revere_term_sector_total, 120),densify(subindustry)), -1)",,7,2025-06-11T19:08:34-04:00,,2025-06-11T23:29:24-04:00,fundamental6_usa_3step,False,False,GREEN,,['fundamental6_usa_3step'],[],AVERAGE,IS,UNSUBMITTED,4258309,20000000,1276,1419,0.0311,0.0861,0.0684,0.00554,1.27,1.53,2018-01-20,"[{'name': 'LOW_SHARPE', 'result': 'PASS', 'limit': 1.25, 'value': 1.53}, {'name': 'LOW_FITNESS', 'result': 'PASS', 'limit': 1.0, 'value': 1.27}, {'name': 'LOW_TURNOVER', 'result': 'PASS', 'limit': 0.01, 'value': 0.0311}, {'name': 'HIGH_TURNOVER', 'result': 'PASS', 'limit': 0.7, 'value': 0.0311}, {'name': 'CONCENTRATED_WEIGHT', 'result': 'PASS'}, {'name': 'LOW_SUB_UNIVERSE_SHARPE', 'result': 'PASS', 'limit': 0.66, 'value': 1.15}, {'name': 'SELF_CORRELATION', 'result': 'PENDING'}, {'name': 'MATCHES_COMPETITION', 'result': 'PASS', 'competitions': [{'id': 'challenge', 'name': 'Challenge'}, {'id': 'IQC2025S2', 'name': 'International Quant Championship 2025 Stage 2'}]}]",,,,,,,,,0.0,0.8454294481213853
oJnmNKE,REGULAR,JZ45236,EQUITY,USA,TOP3000,1,6,SUBINDUSTRY,0.08,ON,VERIFY,ON,FASTEXPR,False,"trade_when(ts_corr(close, volume, 5) > 0.5, group_rank(ts_arg_min(anl4_ebitda_value / pv13_revere_term_sector_total, 120),densify(market)), -1)",,7,2025-06-12T14:19:23-04:00,,2025-06-12T18:19:26-04:00,fundamental6_usa_3step,False,False,GREEN,,['fundamental6_usa_3step'],[],AVERAGE,IS,UNSUBMITTED,4773672,20000000,1298,1462,0.0388,0.0965,0.0761,0.004978,1.41,1.6,2018-01-20,"[{'name': 'LOW_SHARPE', 'result': 'PASS', 'limit': 1.25, 'value': 1.6}, {'name': 'LOW_FITNESS', 'result': 'PASS', 'limit': 1.0, 'value': 1.41}, {'name': 'LOW_TURNOVER', 'result': 'PASS', 'limit': 0.01, 'value': 0.0388}, {'name': 'HIGH_TURNOVER', 'result': 'PASS', 'limit': 0.7, 'value': 0.0388}, {'name': 'CONCENTRATED_WEIGHT', 'result': 'PASS'}, {'name': 'LOW_SUB_UNIVERSE_SHARPE', 'result': 'PASS', 'limit': 0.69, 'value': 1.09}, {'name': 'SELF_CORRELATION', 'result': 'PENDING'}, {'name': 'MATCHES_COMPETITION', 'result': 'PASS', 'competitions': [{'id': 'challenge', 'name': 'Challenge'}, {'id': 'IQC2025S2', 'name': 'International Quant Championship 2025 Stage 2'}]}]",,,,,,,,,0.0,0.8540798071292302
aQNbRbW,REGULAR,JZ45236,EQUITY,USA,TOP3000,1,6,SUBINDUSTRY,0.08,ON,VERIFY,ON,FASTEXPR,False,"group_zscore(-ts_product(anl4_cfo_low / fn_op_lease_min_pay_due_a, 5),densify(bucket(rank(cap), range='0.1, 1, 0.1')))",,7,2025-06-12T18:15:55-04:00,,2025-06-12T22:15:56-04:00,fundamental6_usa_2step,False,False,,,['fundamental6_usa_2step'],[],GOOD,IS,UNSUBMITTED,5094844,20000000,1923,1128,0.0162,0.103,0.0395,0.012674,1.72,1.89,2018-01-20,"[{'name': 'LOW_SHARPE', 'result': 'PASS', 'limit': 1.25, 'value': 1.89}, {'name': 'LOW_FITNESS', 'result': 'PASS', 'limit': 1.0, 'value': 1.72}, {'name': 'LOW_TURNOVER', 'result': 'PASS', 'limit': 0.01, 'value': 0.0162}, {'name': 'HIGH_TURNOVER', 'result': 'PASS', 'limit': 0.7, 'value': 0.0162}, {'name': 'CONCENTRATED_WEIGHT', 'result': 'PASS'}, {'name': 'LOW_SUB_UNIVERSE_SHARPE', 'result': 'PASS', 'limit': 0.82, 'value': 0.93}, {'name': 'SELF_CORRELATION', 'result': 'PENDING'}, {'name': 'MATCHES_COMPETITION', 'result': 'PASS', 'competitions': [{'id': 'challenge', 'name': 'Challenge'}, {'id': 'IQC2025S2', 'name': 'International Quant Championship 2025 Stage 2'}]}]",,,,,,,,,0.0,0.854081639960223
oJn1nYE,REGULAR,JZ45236,EQUITY,USA,TOP3000,1,6,SUBINDUSTRY,0.08,ON,VERIFY,ON,FASTEXPR,False,"trade_when(ts_arg_max(close, 5) == 0, group_rank(ts_arg_min(anl4_ebitda_value / pv13_revere_term_sector_total, 120),densify(market)), -1)",,7,2025-06-12T14:08:56-04:00,,2025-06-12T18:08:59-04:00,fundamental6_usa_3step,False,False,GREEN,,['fundamental6_usa_3step'],[],AVERAGE,IS,UNSUBMITTED,4816187,20000000,1303,1462,0.0383,0.0973,0.0759,0.005089,1.42,1.61,2018-01-20,"[{'name': 'LOW_SHARPE', 'result': 'PASS', 'limit': 1.25, 'value': 1.61}, {'name': 'LOW_FITNESS', 'result': 'PASS', 'limit': 1.0, 'value': 1.42}, {'name': 'LOW_TURNOVER', 'result': 'PASS', 'limit': 0.01, 'value': 0.0383}, {'name': 'HIGH_TURNOVER', 'result': 'PASS', 'limit': 0.7, 'value': 0.0383}, {'name': 'CONCENTRATED_WEIGHT', 'result': 'PASS'}, {'name': 'LOW_SUB_UNIVERSE_SHARPE', 'result': 'PASS', 'limit': 0.7, 'value': 1.09}, {'name': 'SELF_CORRELATION', 'result': 'PENDING'}, {'name': 'MATCHES_COMPETITION', 'result': 'PASS', 'competitions': [{'id': 'challenge', 'name': 'Challenge'}, {'id': 'IQC2025S2', 'name': 'International Quant Championship 2025 Stage 2'}]}]",,,,,,,,,0.0,0.8550637986005983
w25pEZ2,REGULAR,JZ45236,EQUITY,USA,TOP3000,1,6,SUBINDUSTRY,0.08,ON,VERIFY,ON,FASTEXPR,False,"trade_when(ts_corr(close, volume, 5) > 0.3, group_rank(ts_arg_min(anl4_ebitda_value / pv13_revere_term_sector_total, 120),densify(market)), -1)",,7,2025-06-12T14:19:12-04:00,,2025-06-12T18:19:14-04:00,fundamental6_usa_3step,False,False,GREEN,,['fundamental6_usa_3step'],[],AVERAGE,IS,UNSUBMITTED,4738021,20000000,1304,1466,0.039,0.0958,0.0741,0.004915,1.38,1.58,2018-01-20,"[{'name': 'LOW_SHARPE', 'result': 'PASS', 'limit': 1.25, 'value': 1.58}, {'name': 'LOW_FITNESS', 'result': 'PASS', 'limit': 1.0, 'value': 1.38}, {'name': 'LOW_TURNOVER', 'result': 'PASS', 'limit': 0.01, 'value': 0.039}, {'name': 'HIGH_TURNOVER', 'result': 'PASS', 'limit': 0.7, 'value': 0.039}, {'name': 'CONCENTRATED_WEIGHT', 'result': 'PASS'}, {'name': 'LOW_SUB_UNIVERSE_SHARPE', 'result': 'PASS', 'limit': 0.68, 'value': 1.08}, {'name': 'SELF_CORRELATION', 'result': 'PENDING'}, {'name': 'MATCHES_COMPETITION', 'result': 'PASS', 'competitions': [{'id': 'challenge', 'name': 'Challenge'}, {'id': 'IQC2025S2', 'name': 'International Quant Championship 2025 Stage 2'}]}]",,,,,,,,,0.0,0.8565691913775088
Arnjl6E,REGULAR,JZ45236,EQUITY,USA,TOP3000,1,6,SUBINDUSTRY,0.08,ON,VERIFY,ON,FASTEXPR,False,"trade_when(ts_regression(returns, ts_step(20), 20, lag = 0, rettype = 2) > 0, group_rank(ts_arg_min(anl4_ebitda_value / pv13_revere_term_sector_total, 120),densify(market)), -1)",,8,2025-06-12T14:28:43-04:00,,2025-06-12T18:28:46-04:00,fundamental6_usa_3step,False,False,GREEN,,['fundamental6_usa_3step'],[],AVERAGE,IS,UNSUBMITTED,4759798,20000000,1301,1464,0.0384,0.0962,0.073,0.005009,1.4,1.6,2018-01-20,"[{'name': 'LOW_SHARPE', 'result': 'PASS', 'limit': 1.25, 'value': 1.6}, {'name': 'LOW_FITNESS', 'result': 'PASS', 'limit': 1.0, 'value': 1.4}, {'name': 'LOW_TURNOVER', 'result': 'PASS', 'limit': 0.01, 'value': 0.0384}, {'name': 'HIGH_TURNOVER', 'result': 'PASS', 'limit': 0.7, 'value': 0.0384}, {'name': 'CONCENTRATED_WEIGHT', 'result': 'PASS'}, {'name': 'LOW_SUB_UNIVERSE_SHARPE', 'result': 'PASS', 'limit': 0.69, 'value': 1.01}, {'name': 'SELF_CORRELATION', 'result': 'PENDING'}, {'name': 'MATCHES_COMPETITION', 'result': 'PASS', 'competitions': [{'id': 'challenge', 'name': 'Challenge'}, {'id': 'IQC2025S2', 'name': 'International Quant Championship 2025 Stage 2'}]}]",,,,,,,,,0.0,0.8569048804409864
3kEX12X,REGULAR,JZ45236,EQUITY,USA,TOP3000,1,6,SUBINDUSTRY,0.08,ON,VERIFY,ON,FASTEXPR,False,"group_zscore(-ts_product(anl4_cfo_low / fn_op_lease_min_pay_due_a, 5),densify(bucket(group_rank(cap,sector),range='0,1,0.1')))",,7,2025-06-12T18:16:11-04:00,,2025-06-12T22:16:13-04:00,fundamental6_usa_2step,False,False,,,['fundamental6_usa_2step'],[],GOOD,IS,UNSUBMITTED,4908174,20000000,1928,1125,0.0166,0.0992,0.0384,0.011958,1.62,1.82,2018-01-20,"[{'name': 'LOW_SHARPE', 'result': 'PASS', 'limit': 1.25, 'value': 1.82}, {'name': 'LOW_FITNESS', 'result': 'PASS', 'limit': 1.0, 'value': 1.62}, {'name': 'LOW_TURNOVER', 'result': 'PASS', 'limit': 0.01, 'value': 0.0166}, {'name': 'HIGH_TURNOVER', 'result': 'PASS', 'limit': 0.7, 'value': 0.0166}, {'name': 'CONCENTRATED_WEIGHT', 'result': 'PASS'}, {'name': 'LOW_SUB_UNIVERSE_SHARPE', 'result': 'PASS', 'limit': 0.79, 'value': 0.89}, {'name': 'SELF_CORRELATION', 'result': 'PENDING'}, {'name': 'MATCHES_COMPETITION', 'result': 'PASS', 'competitions': [{'id': 'challenge', 'name': 'Challenge'}, {'id': 'IQC2025S2', 'name': 'International Quant Championship 2025 Stage 2'}]}]",,,,,,,,,0.0,0.8578640231772706
nen1QVE,REGULAR,JZ45236,EQUITY,USA,TOP3000,1,6,SUBINDUSTRY,0.08,ON,VERIFY,ON,FASTEXPR,False,"trade_when(ts_corr(close, volume, 5) > 0, group_rank(ts_arg_min(anl4_ebitda_value / pv13_revere_term_sector_total, 120),densify(market)), -1)",,7,2025-06-12T14:12:40-04:00,,2025-06-12T18:12:43-04:00,fundamental6_usa_3step,False,False,GREEN,,['fundamental6_usa_3step'],[],AVERAGE,IS,UNSUBMITTED,4801923,20000000,1307,1470,0.039,0.097,0.0762,0.004981,1.4,1.59,2018-01-20,"[{'name': 'LOW_SHARPE', 'result': 'PASS', 'limit': 1.25, 'value': 1.59}, {'name': 'LOW_FITNESS', 'result': 'PASS', 'limit': 1.0, 'value': 1.4}, {'name': 'LOW_TURNOVER', 'result': 'PASS', 'limit': 0.01, 'value': 0.039}, {'name': 'HIGH_TURNOVER', 'result': 'PASS', 'limit': 0.7, 'value': 0.039}, {'name': 'CONCENTRATED_WEIGHT', 'result': 'PASS'}, {'name': 'LOW_SUB_UNIVERSE_SHARPE', 'result': 'PASS', 'limit': 0.69, 'value': 1.1}, {'name': 'SELF_CORRELATION', 'result': 'PENDING'}, {'name': 'MATCHES_COMPETITION', 'result': 'PASS', 'competitions': [{'id': 'challenge', 'name': 'Challenge'}, {'id': 'IQC2025S2', 'name': 'International Quant Championship 2025 Stage 2'}]}]",,,,,,,,,0.0,0.8580019197203606
GKndN5O,REGULAR,JZ45236,EQUITY,USA,TOP3000,1,6,SUBINDUSTRY,0.08,ON,VERIFY,ON,FASTEXPR,False,"group_neutralize(-ts_product(anl4_cfo_low / fn_op_lease_min_pay_due_a, 5),densify(bucket(rank(cap), range='0.1, 1, 0.1')))",,7,2025-06-12T18:08:07-04:00,,2025-06-12T22:08:10-04:00,fundamental6_usa_2step,False,False,,,['fundamental6_usa_2step'],[],GOOD,IS,UNSUBMITTED,5184285,20000000,1912,1140,0.0164,0.1048,0.0397,0.012797,1.75,1.91,2018-01-20,"[{'name': 'LOW_SHARPE', 'result': 'PASS', 'limit': 1.25, 'value': 1.91}, {'name': 'LOW_FITNESS', 'result': 'PASS', 'limit': 1.0, 'value': 1.75}, {'name': 'LOW_TURNOVER', 'result': 'PASS', 'limit': 0.01, 'value': 0.0164}, {'name': 'HIGH_TURNOVER', 'result': 'PASS', 'limit': 0.7, 'value': 0.0164}, {'name': 'CONCENTRATED_WEIGHT', 'result': 'PASS'}, {'name': 'LOW_SUB_UNIVERSE_SHARPE', 'result': 'PASS', 'limit': 0.83, 'value': 0.94}, {'name': 'SELF_CORRELATION', 'result': 'PENDING'}, {'name': 'MATCHES_COMPETITION', 'result': 'PASS', 'competitions': [{'id': 'challenge', 'name': 'Challenge'}, {'id': 'IQC2025S2', 'name': 'International Quant Championship 2025 Stage 2'}]}]",,,,,,,,,0.0,0.8587067627246965
3kEQ9qe,REGULAR,JZ45236,EQUITY,USA,TOP3000,1,6,SUBINDUSTRY,0.08,ON,VERIFY,ON,FASTEXPR,False,"trade_when(ts_regression(returns, ts_step(5), 5, lag = 0, rettype = 2) > 0, group_rank(ts_arg_min(anl4_ebitda_value / pv13_revere_term_sector_total, 120),densify(market)), -1)",,8,2025-06-12T14:28:52-04:00,,2025-06-12T18:28:54-04:00,fundamental6_usa_3step,False,False,GREEN,,['fundamental6_usa_3step'],[],AVERAGE,IS,UNSUBMITTED,4773759,20000000,1306,1473,0.0386,0.0965,0.0779,0.005002,1.4,1.59,2018-01-20,"[{'name': 'LOW_SHARPE', 'result': 'PASS', 'limit': 1.25, 'value': 1.59}, {'name': 'LOW_FITNESS', 'result': 'PASS', 'limit': 1.0, 'value': 1.4}, {'name': 'LOW_TURNOVER', 'result': 'PASS', 'limit': 0.01, 'value': 0.0386}, {'name': 'HIGH_TURNOVER', 'result': 'PASS', 'limit': 0.7, 'value': 0.0386}, {'name': 'CONCENTRATED_WEIGHT', 'result': 'PASS'}, {'name': 'LOW_SUB_UNIVERSE_SHARPE', 'result': 'PASS', 'limit': 0.69, 'value': 1.06}, {'name': 'SELF_CORRELATION', 'result': 'PENDING'}, {'name': 'MATCHES_COMPETITION', 'result': 'PASS', 'competitions': [{'id': 'challenge', 'name': 'Challenge'}, {'id': 'IQC2025S2', 'name': 'International Quant Championship 2025 Stage 2'}]}]",,,,,,,,,0.0,0.8591665043875598
1larAMQ,REGULAR,JZ45236,EQUITY,USA,TOP3000,1,6,SUBINDUSTRY,0.08,ON,VERIFY,ON,FASTEXPR,False,"trade_when(ts_arg_min(volume, 5) > 3, group_rank(ts_arg_min(anl4_ebitda_value / pv13_revere_term_sector_total, 120),densify(market)), -1)",,7,2025-06-12T14:04:18-04:00,,2025-06-12T18:04:21-04:00,fundamental6_usa_3step,False,False,,,['fundamental6_usa_3step'],[],AVERAGE,IS,UNSUBMITTED,4659475,20000000,1302,1467,0.0395,0.0942,0.076,0.004768,1.36,1.57,2018-01-20,"[{'name': 'LOW_SHARPE', 'result': 'PASS', 'limit': 1.25, 'value': 1.57}, {'name': 'LOW_FITNESS', 'result': 'PASS', 'limit': 1.0, 'value': 1.36}, {'name': 'LOW_TURNOVER', 'result': 'PASS', 'limit': 0.01, 'value': 0.0395}, {'name': 'HIGH_TURNOVER', 'result': 'PASS', 'limit': 0.7, 'value': 0.0395}, {'name': 'CONCENTRATED_WEIGHT', 'result': 'PASS'}, {'name': 'LOW_SUB_UNIVERSE_SHARPE', 'result': 'PASS', 'limit': 0.68, 'value': 1.0}, {'name': 'SELF_CORRELATION', 'result': 'PENDING'}, {'name': 'MATCHES_COMPETITION', 'result': 'PASS', 'competitions': [{'id': 'challenge', 'name': 'Challenge'}, {'id': 'IQC2025S2', 'name': 'International Quant Championship 2025 Stage 2'}]}]",,,,,,,,,0.0,0.859875880023918
OMnGJLJ,REGULAR,JZ45236,EQUITY,USA,TOP3000,1,6,SUBINDUSTRY,0.08,ON,VERIFY,ON,FASTEXPR,False,"group_rank(-ts_zscore(anl4_cfi_low / enterprise_value, 22),densify(bucket(rank(cap), range='0.1, 1, 0.1')))",,7,2025-06-12T17:47:16-04:00,,2025-06-12T21:47:18-04:00,fundamental6_usa_2step,False,False,,,['fundamental6_usa_2step'],[],AVERAGE,IS,UNSUBMITTED,3900871,20000000,1188,1399,0.1479,0.0788,0.0316,0.001066,1.22,1.67,2018-01-20,"[{'name': 'LOW_SHARPE', 'result': 'PASS', 'limit': 1.25, 'value': 1.67}, {'name': 'LOW_FITNESS', 'result': 'PASS', 'limit': 1.0, 'value': 1.22}, {'name': 'LOW_TURNOVER', 'result': 'PASS', 'limit': 0.01, 'value': 0.1479}, {'name': 'HIGH_TURNOVER', 'result': 'PASS', 'limit': 0.7, 'value': 0.1479}, {'name': 'CONCENTRATED_WEIGHT', 'result': 'PASS'}, {'name': 'LOW_SUB_UNIVERSE_SHARPE', 'result': 'PASS', 'limit': 0.72, 'value': 1.14}, {'name': 'SELF_CORRELATION', 'result': 'PENDING'}, {'name': 'MATCHES_COMPETITION', 'result': 'PASS', 'competitions': [{'id': 'challenge', 'name': 'Challenge'}, {'id': 'IQC2025S2', 'name': 'International Quant Championship 2025 Stage 2'}]}]",,,,,,,,,0.0,0.860344789831307
d3EPRW2,REGULAR,JZ45236,EQUITY,USA,TOP3000,1,6,SUBINDUSTRY,0.08,ON,VERIFY,ON,FASTEXPR,False,"trade_when(ts_corr(close, volume, 20) > 0.3, group_rank(-ts_quantile(anl4_cfi_low / fnd6_newa2v1300_ni, 120),densify(industry)), -1)",,8,2025-06-12T13:05:31-04:00,,2025-06-12T17:05:33-04:00,fundamental6_usa_3step,False,False,GREEN,,['fundamental6_usa_3step'],[],AVERAGE,IS,UNSUBMITTED,2988203,20000000,1332,1408,0.0299,0.0604,0.0382,0.004034,1.11,1.6,2018-01-20,"[{'name': 'LOW_SHARPE', 'result': 'PASS', 'limit': 1.25, 'value': 1.6}, {'name': 'LOW_FITNESS', 'result': 'PASS', 'limit': 1.0, 'value': 1.11}, {'name': 'LOW_TURNOVER', 'result': 'PASS', 'limit': 0.01, 'value': 0.0299}, {'name': 'HIGH_TURNOVER', 'result': 'PASS', 'limit': 0.7, 'value': 0.0299}, {'name': 'CONCENTRATED_WEIGHT', 'result': 'PASS'}, {'name': 'LOW_SUB_UNIVERSE_SHARPE', 'result': 'PASS', 'limit': 0.69, 'value': 0.9}, {'name': 'SELF_CORRELATION', 'result': 'PENDING'}, {'name': 'MATCHES_COMPETITION', 'result': 'PASS', 'competitions': [{'id': 'challenge', 'name': 'Challenge'}, {'id': 'IQC2025S2', 'name': 'International Quant Championship 2025 Stage 2'}]}]",,,,,,,,,0.0,0.861143396152792
x2e1PQb,REGULAR,JZ45236,EQUITY,USA,TOP3000,1,6,SUBINDUSTRY,0.08,ON,VERIFY,ON,FASTEXPR,False,"trade_when(group_rank(ts_std_dev(returns,60), sector) > 0.7, group_rank(-ts_product(anl4_cfo_median / fnd2_oprlsfmpdcurr, 66),densify(subindustry)), -1)",,9,2025-06-12T18:31:41-04:00,,2025-06-12T22:31:43-04:00,fundamental6_usa_3step,False,False,,,['fundamental6_usa_3step'],[],GOOD,IS,UNSUBMITTED,5494010,20000000,1261,795,0.0158,0.111,0.0859,0.014039,1.74,1.85,2018-01-20,"[{'name': 'LOW_SHARPE', 'result': 'PASS', 'limit': 1.25, 'value': 1.85}, {'name': 'LOW_FITNESS', 'result': 'PASS', 'limit': 1.0, 'value': 1.74}, {'name': 'LOW_TURNOVER', 'result': 'PASS', 'limit': 0.01, 'value': 0.0158}, {'name': 'HIGH_TURNOVER', 'result': 'PASS', 'limit': 0.7, 'value': 0.0158}, {'name': 'CONCENTRATED_WEIGHT', 'result': 'PASS'}, {'name': 'LOW_SUB_UNIVERSE_SHARPE', 'result': 'PASS', 'limit': 0.8, 'value': 0.85}, {'name': 'SELF_CORRELATION', 'result': 'PENDING'}, {'name': 'MATCHES_COMPETITION', 'result': 'PASS', 'competitions': [{'id': 'challenge', 'name': 'Challenge'}, {'id': 'IQC2025S2', 'name': 'International Quant Championship 2025 Stage 2'}]}]",,,,,,,,,0.0,0.8615748227856774
vpeQjNz,REGULAR,JZ45236,EQUITY,USA,TOP3000,1,6,SUBINDUSTRY,0.08,ON,VERIFY,ON,FASTEXPR,False,"trade_when(ts_arg_max(volume, 5) == 0, group_rank(ts_arg_min(anl4_ebitda_value / pv13_revere_term_sector_total, 120),densify(market)), -1)",,7,2025-06-12T13:51:55-04:00,,2025-06-12T17:51:57-04:00,fundamental6_usa_3step,False,False,GREEN,,['fundamental6_usa_3step'],[],AVERAGE,IS,UNSUBMITTED,4704907,20000000,1299,1471,0.0399,0.0951,0.0697,0.004768,1.38,1.58,2018-01-20,"[{'name': 'LOW_SHARPE', 'result': 'PASS', 'limit': 1.25, 'value': 1.58}, {'name': 'LOW_FITNESS', 'result': 'PASS', 'limit': 1.0, 'value': 1.38}, {'name': 'LOW_TURNOVER', 'result': 'PASS', 'limit': 0.01, 'value': 0.0399}, {'name': 'HIGH_TURNOVER', 'result': 'PASS', 'limit': 0.7, 'value': 0.0399}, {'name': 'CONCENTRATED_WEIGHT', 'result': 'PASS'}, {'name': 'LOW_SUB_UNIVERSE_SHARPE', 'result': 'PASS', 'limit': 0.68, 'value': 1.03}, {'name': 'SELF_CORRELATION', 'result': 'PENDING'}, {'name': 'MATCHES_COMPETITION', 'result': 'PASS', 'competitions': [{'id': 'challenge', 'name': 'Challenge'}, {'id': 'IQC2025S2', 'name': 'International Quant Championship 2025 Stage 2'}]}]",,,,,,,,,0.0,0.8621107742556591
QNn3weW,REGULAR,JZ45236,EQUITY,USA,TOP3000,1,6,SUBINDUSTRY,0.08,ON,VERIFY,ON,FASTEXPR,False,"group_neutralize(-ts_product(anl4_cfo_low / fn_op_lease_min_pay_due_a, 5),densify(bucket(group_rank(cap,sector),range='0,1,0.1')))",,7,2025-06-12T18:09:04-04:00,,2025-06-12T22:09:06-04:00,fundamental6_usa_2step,False,False,,,['fundamental6_usa_2step'],[],GOOD,IS,UNSUBMITTED,4969549,20000000,1917,1137,0.0167,0.1004,0.0387,0.012016,1.64,1.83,2018-01-20,"[{'name': 'LOW_SHARPE', 'result': 'PASS', 'limit': 1.25, 'value': 1.83}, {'name': 'LOW_FITNESS', 'result': 'PASS', 'limit': 1.0, 'value': 1.64}, {'name': 'LOW_TURNOVER', 'result': 'PASS', 'limit': 0.01, 'value': 0.0167}, {'name': 'HIGH_TURNOVER', 'result': 'PASS', 'limit': 0.7, 'value': 0.0167}, {'name': 'CONCENTRATED_WEIGHT', 'result': 'PASS'}, {'name': 'LOW_SUB_UNIVERSE_SHARPE', 'result': 'PASS', 'limit': 0.79, 'value': 0.89}, {'name': 'SELF_CORRELATION', 'result': 'PENDING'}, {'name': 'MATCHES_COMPETITION', 'result': 'PASS', 'competitions': [{'id': 'challenge', 'name': 'Challenge'}, {'id': 'IQC2025S2', 'name': 'International Quant Championship 2025 Stage 2'}]}]",,,,,,,,,0.0,0.8623515015507625
jP9qzeO,REGULAR,JZ45236,EQUITY,USA,TOP3000,1,6,SUBINDUSTRY,0.08,ON,VERIFY,ON,FASTEXPR,False,"trade_when(ts_mean(volume,10)>ts_mean(volume,60), group_rank(ts_arg_min(anl4_ebitda_value / pv13_revere_term_sector_total, 120),densify(market)), -1)",,8,2025-06-12T13:56:30-04:00,,2025-06-12T17:56:32-04:00,fundamental6_usa_3step,False,False,GREEN,,['fundamental6_usa_3step'],[],AVERAGE,IS,UNSUBMITTED,4832393,20000000,1277,1457,0.0363,0.0977,0.0797,0.005379,1.42,1.61,2018-01-20,"[{'name': 'LOW_SHARPE', 'result': 'PASS', 'limit': 1.25, 'value': 1.61}, {'name': 'LOW_FITNESS', 'result': 'PASS', 'limit': 1.0, 'value': 1.42}, {'name': 'LOW_TURNOVER', 'result': 'PASS', 'limit': 0.01, 'value': 0.0363}, {'name': 'HIGH_TURNOVER', 'result': 'PASS', 'limit': 0.7, 'value': 0.0363}, {'name': 'CONCENTRATED_WEIGHT', 'result': 'PASS'}, {'name': 'LOW_SUB_UNIVERSE_SHARPE', 'result': 'PASS', 'limit': 0.7, 'value': 1.12}, {'name': 'SELF_CORRELATION', 'result': 'PENDING'}, {'name': 'MATCHES_COMPETITION', 'result': 'PASS', 'competitions': [{'id': 'challenge', 'name': 'Challenge'}, {'id': 'IQC2025S2', 'name': 'International Quant Championship 2025 Stage 2'}]}]",,,,,,,,,0.0,0.8626652475546929
XvkoNE5,REGULAR,JZ45236,EQUITY,USA,TOP3000,1,6,SUBINDUSTRY,0.08,ON,VERIFY,ON,FASTEXPR,False,"group_rank(-ts_zscore(anl4_cfi_low / enterprise_value, 22),densify(bucket(group_rank(cap,sector),range='0,1,0.1')))",,7,2025-06-12T17:47:44-04:00,,2025-06-12T21:47:47-04:00,fundamental6_usa_2step,False,False,,,['fundamental6_usa_2step'],[],AVERAGE,IS,UNSUBMITTED,3935832,20000000,1194,1392,0.148,0.0795,0.031,0.001075,1.23,1.68,2018-01-20,"[{'name': 'LOW_SHARPE', 'result': 'PASS', 'limit': 1.25, 'value': 1.68}, {'name': 'LOW_FITNESS', 'result': 'PASS', 'limit': 1.0, 'value': 1.23}, {'name': 'LOW_TURNOVER', 'result': 'PASS', 'limit': 0.01, 'value': 0.148}, {'name': 'HIGH_TURNOVER', 'result': 'PASS', 'limit': 0.7, 'value': 0.148}, {'name': 'CONCENTRATED_WEIGHT', 'result': 'PASS'}, {'name': 'LOW_SUB_UNIVERSE_SHARPE', 'result': 'PASS', 'limit': 0.73, 'value': 1.16}, {'name': 'SELF_CORRELATION', 'result': 'PENDING'}, {'name': 'MATCHES_COMPETITION', 'result': 'PASS', 'competitions': [{'id': 'challenge', 'name': 'Challenge'}, {'id': 'IQC2025S2', 'name': 'International Quant Championship 2025 Stage 2'}]}]",,,,,,,,,0.0,0.8645163566865592
x2e3PkJ,REGULAR,JZ45236,EQUITY,USA,TOP3000,1,6,SUBINDUSTRY,0.08,ON,VERIFY,ON,FASTEXPR,False,"trade_when(ts_corr(close, volume, 20) > 0.3, group_zscore(ts_sum(anl4_epsr_flag / split, 120),densify(bucket(group_rank(cap,sector),range='0,1,0.1'))), -1)",,9,2025-06-12T18:12:44-04:00,,2025-06-12T22:12:46-04:00,fundamental6_usa_3step,False,False,,,['fundamental6_usa_3step'],[],GOOD,IS,UNSUBMITTED,5340533,20000000,2035,929,0.0271,0.1079,0.0671,0.007968,1.51,1.62,2018-01-20,"[{'name': 'LOW_SHARPE', 'result': 'PASS', 'limit': 1.25, 'value': 1.62}, {'name': 'LOW_FITNESS', 'result': 'PASS', 'limit': 1.0, 'value': 1.51}, {'name': 'LOW_TURNOVER', 'result': 'PASS', 'limit': 0.01, 'value': 0.0271}, {'name': 'HIGH_TURNOVER', 'result': 'PASS', 'limit': 0.7, 'value': 0.0271}, {'name': 'CONCENTRATED_WEIGHT', 'result': 'PASS'}, {'name': 'LOW_SUB_UNIVERSE_SHARPE', 'result': 'PASS', 'limit': 0.7, 'value': 0.83}, {'name': 'SELF_CORRELATION', 'result': 'PENDING'}, {'name': 'MATCHES_COMPETITION', 'result': 'PASS', 'competitions': [{'id': 'challenge', 'name': 'Challenge'}, {'id': 'IQC2025S2', 'name': 'International Quant Championship 2025 Stage 2'}]}]",,,,,,,,,0.0,0.8737364863406925
E809M80,REGULAR,JZ45236,EQUITY,USA,TOP3000,1,6,SUBINDUSTRY,0.08,ON,VERIFY,ON,FASTEXPR,False,"trade_when(ts_regression(returns, ts_step(5), 5, lag = 0, rettype = 2) > 0, group_rank(ts_rank(anl4_epsr_high / anl4_epsr_low, 240),densify(bucket(group_rank(cap,sector),range='0,1,0.1'))), abs(returns) > 0.1)",,12,2025-06-11T03:46:01-04:00,,2025-06-11T16:13:18-04:00,fundamental6_usa_3step,False,False,GREEN,,['fundamental6_usa_3step'],[],AVERAGE,IS,UNSUBMITTED,2228159,20000000,1547,1408,0.0797,0.045,0.0308,0.001131,1.07,1.78,2018-01-20,"[{'name': 'LOW_SHARPE', 'result': 'PASS', 'limit': 1.25, 'value': 1.78}, {'name': 'LOW_FITNESS', 'result': 'PASS', 'limit': 1.0, 'value': 1.07}, {'name': 'LOW_TURNOVER', 'result': 'PASS', 'limit': 0.01, 'value': 0.0797}, {'name': 'HIGH_TURNOVER', 'result': 'PASS', 'limit': 0.7, 'value': 0.0797}, {'name': 'CONCENTRATED_WEIGHT', 'result': 'PASS'}, {'name': 'LOW_SUB_UNIVERSE_SHARPE', 'result': 'PASS', 'limit': 0.77, 'value': 1.02}, {'name': 'SELF_CORRELATION', 'result': 'PENDING'}, {'name': 'MATCHES_COMPETITION', 'result': 'PASS', 'competitions': [{'id': 'challenge', 'name': 'Challenge'}, {'id': 'IQC2025S2', 'name': 'International Quant Championship 2025 Stage 2'}]}]",,,,,,,,,0.0,0.8750524377895886
VmXPwYY,REGULAR,JZ45236,EQUITY,USA,TOP3000,1,6,SUBINDUSTRY,0.08,ON,VERIFY,ON,FASTEXPR,False,"trade_when(ts_corr(close, volume, 20) > 0, group_rank(-ts_quantile(anl4_cfi_low / fnd6_newa2v1300_ni, 120),densify(bucket(group_rank(cap,sector),range='0,1,0.1'))), abs(returns) > 0.1)",,12,2025-06-12T17:24:44-04:00,,2025-06-12T21:24:47-04:00,fundamental6_usa_3step,False,False,,,['fundamental6_usa_3step'],[],AVERAGE,IS,UNSUBMITTED,2762255,20000000,1258,1296,0.0795,0.0558,0.0375,0.001404,1.09,1.63,2018-01-20,"[{'name': 'LOW_SHARPE', 'result': 'PASS', 'limit': 1.25, 'value': 1.63}, {'name': 'LOW_FITNESS', 'result': 'PASS', 'limit': 1.0, 'value': 1.09}, {'name': 'LOW_TURNOVER', 'result': 'PASS', 'limit': 0.01, 'value': 0.0795}, {'name': 'HIGH_TURNOVER', 'result': 'PASS', 'limit': 0.7, 'value': 0.0795}, {'name': 'CONCENTRATED_WEIGHT', 'result': 'PASS'}, {'name': 'LOW_SUB_UNIVERSE_SHARPE', 'result': 'PASS', 'limit': 0.71, 'value': 0.88}, {'name': 'SELF_CORRELATION', 'result': 'PENDING'}, {'name': 'MATCHES_COMPETITION', 'result': 'PASS', 'competitions': [{'id': 'challenge', 'name': 'Challenge'}, {'id': 'IQC2025S2', 'name': 'International Quant Championship 2025 Stage 2'}]}]",,,,,,,,,0.0,0.8808769002229475
Zdjnjbx,REGULAR,JZ45236,EQUITY,USA,TOP3000,1,6,SUBINDUSTRY,0.08,ON,VERIFY,ON,FASTEXPR,False,"trade_when(ts_corr(close, volume, 20) > 0, group_rank(-ts_quantile(anl4_cfi_low / fnd6_newa2v1300_ni, 120),densify(bucket(group_rank(cap,sector),range='0,1,0.1'))), -1)",,10,2025-06-12T17:26:14-04:00,,2025-06-12T21:26:17-04:00,fundamental6_usa_3step,False,False,,,['fundamental6_usa_3step'],[],AVERAGE,IS,UNSUBMITTED,3132246,20000000,1384,1420,0.0338,0.0633,0.0369,0.003751,1.2,1.68,2018-01-20,"[{'name': 'LOW_SHARPE', 'result': 'PASS', 'limit': 1.25, 'value': 1.68}, {'name': 'LOW_FITNESS', 'result': 'PASS', 'limit': 1.0, 'value': 1.2}, {'name': 'LOW_TURNOVER', 'result': 'PASS', 'limit': 0.01, 'value': 0.0338}, {'name': 'HIGH_TURNOVER', 'result': 'PASS', 'limit': 0.7, 'value': 0.0338}, {'name': 'CONCENTRATED_WEIGHT', 'result': 'PASS'}, {'name': 'LOW_SUB_UNIVERSE_SHARPE', 'result': 'PASS', 'limit': 0.73, 'value': 1.09}, {'name': 'SELF_CORRELATION', 'result': 'PENDING'}, {'name': 'MATCHES_COMPETITION', 'result': 'PASS', 'competitions': [{'id': 'challenge', 'name': 'Challenge'}, {'id': 'IQC2025S2', 'name': 'International Quant Championship 2025 Stage 2'}]}]",,,,,,,,,0.0,0.8809151924123283
2XvPaZw,REGULAR,JZ45236,EQUITY,USA,TOP3000,1,6,SUBINDUSTRY,0.08,ON,VERIFY,ON,FASTEXPR,False,"trade_when(group_rank(ts_std_dev(returns,60), sector) > 0.7, group_neutralize(ts_sum(anl4_epsr_flag / split, 240),densify(subindustry)), -1)",,8,2025-06-12T15:40:43-04:00,,2025-06-12T19:40:44-04:00,fundamental6_usa_3step,False,False,GREEN,,['fundamental6_usa_3step'],[],GOOD,IS,UNSUBMITTED,6435736,20000000,1414,686,0.0222,0.1301,0.0737,0.011707,1.72,1.69,2018-01-20,"[{'name': 'LOW_SHARPE', 'result': 'PASS', 'limit': 1.25, 'value': 1.69}, {'name': 'LOW_FITNESS', 'result': 'PASS', 'limit': 1.0, 'value': 1.72}, {'name': 'LOW_TURNOVER', 'result': 'PASS', 'limit': 0.01, 'value': 0.0222}, {'name': 'HIGH_TURNOVER', 'result': 'PASS', 'limit': 0.7, 'value': 0.0222}, {'name': 'CONCENTRATED_WEIGHT', 'result': 'PASS'}, {'name': 'LOW_SUB_UNIVERSE_SHARPE', 'result': 'PASS', 'limit': 0.73, 'value': 0.82}, {'name': 'SELF_CORRELATION', 'result': 'PENDING'}, {'name': 'MATCHES_COMPETITION', 'result': 'PASS', 'competitions': [{'id': 'challenge', 'name': 'Challenge'}, {'id': 'IQC2025S2', 'name': 'International Quant Championship 2025 Stage 2'}]}]",,,,,,,,,0.0,0.8852758407621034
oJnlvqJ,REGULAR,JZ45236,EQUITY,USA,TOP3000,1,6,SUBINDUSTRY,0.08,ON,VERIFY,ON,FASTEXPR,False,"trade_when(ts_corr(close, volume, 5) > 0.5, group_rank(-ts_quantile(anl4_cfi_low / fnd6_newa2v1300_ni, 120),densify(bucket(group_rank(cap,sector),range='0,1,0.1'))), -1)",,10,2025-06-12T17:25:15-04:00,,2025-06-12T21:25:17-04:00,fundamental6_usa_3step,False,False,,,['fundamental6_usa_3step'],[],AVERAGE,IS,UNSUBMITTED,3169276,20000000,1376,1421,0.0344,0.0641,0.0341,0.003723,1.25,1.75,2018-01-20,"[{'name': 'LOW_SHARPE', 'result': 'PASS', 'limit': 1.25, 'value': 1.75}, {'name': 'LOW_FITNESS', 'result': 'PASS', 'limit': 1.0, 'value': 1.25}, {'name': 'LOW_TURNOVER', 'result': 'PASS', 'limit': 0.01, 'value': 0.0344}, {'name': 'HIGH_TURNOVER', 'result': 'PASS', 'limit': 0.7, 'value': 0.0344}, {'name': 'CONCENTRATED_WEIGHT', 'result': 'PASS'}, {'name': 'LOW_SUB_UNIVERSE_SHARPE', 'result': 'PASS', 'limit': 0.76, 'value': 1.06}, {'name': 'SELF_CORRELATION', 'result': 'PENDING'}, {'name': 'MATCHES_COMPETITION', 'result': 'PASS', 'competitions': [{'id': 'challenge', 'name': 'Challenge'}, {'id': 'IQC2025S2', 'name': 'International Quant Championship 2025 Stage 2'}]}]",,,,,,,,,0.0,0.8902546557433672
E8qK2Jm,REGULAR,JZ45236,EQUITY,USA,TOP3000,1,6,SUBINDUSTRY,0.08,ON,VERIFY,ON,FASTEXPR,False,"trade_when(ts_arg_min(volume, 5) > 3, group_rank(-ts_quantile(anl4_cfi_low / fnd6_newa2v1300_ni, 120),densify(bucket(group_rank(cap,sector),range='0,1,0.1'))), -1)",,10,2025-06-12T17:09:49-04:00,,2025-06-12T21:09:52-04:00,fundamental6_usa_3step,False,False,,,['fundamental6_usa_3step'],[],AVERAGE,IS,UNSUBMITTED,2844871,20000000,1380,1431,0.0352,0.0575,0.0389,0.003265,1.07,1.58,2018-01-20,"[{'name': 'LOW_SHARPE', 'result': 'PASS', 'limit': 1.25, 'value': 1.58}, {'name': 'LOW_FITNESS', 'result': 'PASS', 'limit': 1.0, 'value': 1.07}, {'name': 'LOW_TURNOVER', 'result': 'PASS', 'limit': 0.01, 'value': 0.0352}, {'name': 'HIGH_TURNOVER', 'result': 'PASS', 'limit': 0.7, 'value': 0.0352}, {'name': 'CONCENTRATED_WEIGHT', 'result': 'PASS'}, {'name': 'LOW_SUB_UNIVERSE_SHARPE', 'result': 'PASS', 'limit': 0.68, 'value': 0.9}, {'name': 'SELF_CORRELATION', 'result': 'PENDING'}, {'name': 'MATCHES_COMPETITION', 'result': 'PASS', 'competitions': [{'id': 'challenge', 'name': 'Challenge'}, {'id': 'IQC2025S2', 'name': 'International Quant Championship 2025 Stage 2'}]}]",,,,,,,,,0.0,0.8931442346387766
9d9pRrd,REGULAR,JZ45236,EQUITY,USA,TOP3000,1,6,SUBINDUSTRY,0.08,ON,VERIFY,ON,FASTEXPR,False,"group_rank(-ts_zscore(anl4_cfi_low / enterprise_value, 22),densify(industry))",,5,2025-06-12T17:45:19-04:00,,2025-06-12T21:45:22-04:00,fundamental6_usa_2step,False,False,,,['fundamental6_usa_2step'],[],AVERAGE,IS,UNSUBMITTED,3928193,20000000,1160,1426,0.1508,0.0794,0.0344,0.001053,1.18,1.62,2018-01-20,"[{'name': 'LOW_SHARPE', 'result': 'PASS', 'limit': 1.25, 'value': 1.62}, {'name': 'LOW_FITNESS', 'result': 'PASS', 'limit': 1.0, 'value': 1.18}, {'name': 'LOW_TURNOVER', 'result': 'PASS', 'limit': 0.01, 'value': 0.1508}, {'name': 'HIGH_TURNOVER', 'result': 'PASS', 'limit': 0.7, 'value': 0.1508}, {'name': 'CONCENTRATED_WEIGHT', 'result': 'PASS'}, {'name': 'LOW_SUB_UNIVERSE_SHARPE', 'result': 'PASS', 'limit': 0.7, 'value': 1.17}, {'name': 'SELF_CORRELATION', 'result': 'PENDING'}, {'name': 'MATCHES_COMPETITION', 'result': 'PASS', 'competitions': [{'id': 'challenge', 'name': 'Challenge'}, {'id': 'IQC2025S2', 'name': 'International Quant Championship 2025 Stage 2'}]}]",,,,,,,,,0.0,0.8942020438863931
7vx1WLQ,REGULAR,JZ45236,EQUITY,USA,TOP3000,1,6,SUBINDUSTRY,0.08,ON,VERIFY,ON,FASTEXPR,False,"trade_when(ts_corr(close, volume, 5) > 0.5, group_rank(-ts_quantile(anl4_cfi_low / fnd6_newa2v1300_ni, 120),densify(bucket(group_rank(cap,sector),range='0,1,0.1'))), abs(returns) > 0.1)",,12,2025-06-12T17:22:53-04:00,,2025-06-12T21:22:55-04:00,fundamental6_usa_3step,False,False,,,['fundamental6_usa_3step'],[],AVERAGE,IS,UNSUBMITTED,2715469,20000000,1285,1327,0.0773,0.0549,0.0397,0.001419,1.11,1.68,2018-01-20,"[{'name': 'LOW_SHARPE', 'result': 'PASS', 'limit': 1.25, 'value': 1.68}, {'name': 'LOW_FITNESS', 'result': 'PASS', 'limit': 1.0, 'value': 1.11}, {'name': 'LOW_TURNOVER', 'result': 'PASS', 'limit': 0.01, 'value': 0.0773}, {'name': 'HIGH_TURNOVER', 'result': 'PASS', 'limit': 0.7, 'value': 0.0773}, {'name': 'CONCENTRATED_WEIGHT', 'result': 'PASS'}, {'name': 'LOW_SUB_UNIVERSE_SHARPE', 'result': 'PASS', 'limit': 0.73, 'value': 1.02}, {'name': 'SELF_CORRELATION', 'result': 'PENDING'}, {'name': 'MATCHES_COMPETITION', 'result': 'PASS', 'competitions': [{'id': 'challenge', 'name': 'Challenge'}, {'id': 'IQC2025S2', 'name': 'International Quant Championship 2025 Stage 2'}]}]",,,,,,,,,0.0,0.8943287321034107
7vxdWMx,REGULAR,JZ45236,EQUITY,USA,TOP3000,1,6,SUBINDUSTRY,0.08,ON,VERIFY,ON,FASTEXPR,False,"trade_when(ts_corr(close, volume, 5) < 0, group_rank(-ts_quantile(anl4_cfi_low / fnd6_newa2v1300_ni, 120),densify(bucket(group_rank(cap,sector),range='0,1,0.1'))), -1)",,10,2025-06-12T17:01:25-04:00,,2025-06-12T21:01:28-04:00,fundamental6_usa_3step,False,False,GREEN,,['fundamental6_usa_3step'],[],AVERAGE,IS,UNSUBMITTED,2893160,20000000,1386,1430,0.0353,0.0585,0.0362,0.003317,1.09,1.6,2018-01-20,"[{'name': 'LOW_SHARPE', 'result': 'PASS', 'limit': 1.25, 'value': 1.6}, {'name': 'LOW_FITNESS', 'result': 'PASS', 'limit': 1.0, 'value': 1.09}, {'name': 'LOW_TURNOVER', 'result': 'PASS', 'limit': 0.01, 'value': 0.0353}, {'name': 'HIGH_TURNOVER', 'result': 'PASS', 'limit': 0.7, 'value': 0.0353}, {'name': 'CONCENTRATED_WEIGHT', 'result': 'PASS'}, {'name': 'LOW_SUB_UNIVERSE_SHARPE', 'result': 'PASS', 'limit': 0.69, 'value': 0.98}, {'name': 'SELF_CORRELATION', 'result': 'PENDING'}, {'name': 'MATCHES_COMPETITION', 'result': 'PASS', 'competitions': [{'id': 'challenge', 'name': 'Challenge'}, {'id': 'IQC2025S2', 'name': 'International Quant Championship 2025 Stage 2'}]}]",,,,,,,,,0.0,0.8943776028172785
oJnY1mk,REGULAR,JZ45236,EQUITY,USA,TOP3000,1,6,SUBINDUSTRY,0.08,ON,VERIFY,ON,FASTEXPR,False,"trade_when(ts_arg_max(volume, 5) == 0, group_rank(-ts_quantile(anl4_cfi_low / fnd6_newa2v1300_ni, 120),densify(bucket(group_rank(cap,sector),range='0,1,0.1'))), -1)",,10,2025-06-12T17:00:39-04:00,,2025-06-12T21:00:40-04:00,fundamental6_usa_3step,False,False,GREEN,,['fundamental6_usa_3step'],[],AVERAGE,IS,UNSUBMITTED,2960403,20000000,1381,1431,0.0355,0.0598,0.0396,0.003372,1.13,1.64,2018-01-20,"[{'name': 'LOW_SHARPE', 'result': 'PASS', 'limit': 1.25, 'value': 1.64}, {'name': 'LOW_FITNESS', 'result': 'PASS', 'limit': 1.0, 'value': 1.13}, {'name': 'LOW_TURNOVER', 'result': 'PASS', 'limit': 0.01, 'value': 0.0355}, {'name': 'HIGH_TURNOVER', 'result': 'PASS', 'limit': 0.7, 'value': 0.0355}, {'name': 'CONCENTRATED_WEIGHT', 'result': 'PASS'}, {'name': 'LOW_SUB_UNIVERSE_SHARPE', 'result': 'PASS', 'limit': 0.71, 'value': 0.95}, {'name': 'SELF_CORRELATION', 'result': 'PENDING'}, {'name': 'MATCHES_COMPETITION', 'result': 'PASS', 'competitions': [{'id': 'challenge', 'name': 'Challenge'}, {'id': 'IQC2025S2', 'name': 'International Quant Championship 2025 Stage 2'}]}]",,,,,,,,,0.0,0.8951027235665518
5ALp9Mo,REGULAR,JZ45236,EQUITY,USA,TOP3000,1,6,SUBINDUSTRY,0.08,ON,VERIFY,ON,FASTEXPR,False,"group_rank(-ts_zscore(anl4_cfi_low / enterprise_value, 22),densify(sector))",,5,2025-06-12T17:44:04-04:00,,2025-06-12T21:44:06-04:00,fundamental6_usa_2step,False,False,,,['fundamental6_usa_2step'],[],AVERAGE,IS,UNSUBMITTED,3917745,20000000,1185,1401,0.1477,0.0792,0.0371,0.001072,1.16,1.59,2018-01-20,"[{'name': 'LOW_SHARPE', 'result': 'PASS', 'limit': 1.25, 'value': 1.59}, {'name': 'LOW_FITNESS', 'result': 'PASS', 'limit': 1.0, 'value': 1.16}, {'name': 'LOW_TURNOVER', 'result': 'PASS', 'limit': 0.01, 'value': 0.1477}, {'name': 'HIGH_TURNOVER', 'result': 'PASS', 'limit': 0.7, 'value': 0.1477}, {'name': 'CONCENTRATED_WEIGHT', 'result': 'PASS'}, {'name': 'LOW_SUB_UNIVERSE_SHARPE', 'result': 'PASS', 'limit': 0.69, 'value': 1.15}, {'name': 'SELF_CORRELATION', 'result': 'PENDING'}, {'name': 'MATCHES_COMPETITION', 'result': 'PASS', 'competitions': [{'id': 'challenge', 'name': 'Challenge'}, {'id': 'IQC2025S2', 'name': 'International Quant Championship 2025 Stage 2'}]}]",,,,,,,,,0.0,0.8958018808748934
1lodRAR,REGULAR,JZ45236,EQUITY,USA,TOP3000,1,6,SUBINDUSTRY,0.08,ON,VERIFY,ON,FASTEXPR,False,"trade_when(ts_regression(returns, ts_step(20), 20, lag = 0, rettype = 2) > 0, group_rank(-ts_quantile(anl4_cfi_low / fnd6_newa2v1300_ni, 120),densify(bucket(group_rank(cap,sector),range='0,1,0.1'))), -1)",,11,2025-06-12T17:30:45-04:00,,2025-06-12T21:30:48-04:00,fundamental6_usa_3step,False,False,,,['fundamental6_usa_3step'],[],AVERAGE,IS,UNSUBMITTED,3055318,20000000,1388,1422,0.0346,0.0617,0.0366,0.003574,1.18,1.68,2018-01-20,"[{'name': 'LOW_SHARPE', 'result': 'PASS', 'limit': 1.25, 'value': 1.68}, {'name': 'LOW_FITNESS', 'result': 'PASS', 'limit': 1.0, 'value': 1.18}, {'name': 'LOW_TURNOVER', 'result': 'PASS', 'limit': 0.01, 'value': 0.0346}, {'name': 'HIGH_TURNOVER', 'result': 'PASS', 'limit': 0.7, 'value': 0.0346}, {'name': 'CONCENTRATED_WEIGHT', 'result': 'PASS'}, {'name': 'LOW_SUB_UNIVERSE_SHARPE', 'result': 'PASS', 'limit': 0.73, 'value': 1.07}, {'name': 'SELF_CORRELATION', 'result': 'PENDING'}, {'name': 'MATCHES_COMPETITION', 'result': 'PASS', 'competitions': [{'id': 'challenge', 'name': 'Challenge'}, {'id': 'IQC2025S2', 'name': 'International Quant Championship 2025 Stage 2'}]}]",,,,,,,,,0.0,0.8958728871582442
3kavlo6,REGULAR,JZ45236,EQUITY,USA,TOP3000,1,6,SUBINDUSTRY,0.08,ON,VERIFY,ON,FASTEXPR,False,"trade_when(group_rank(ts_std_dev(returns,60), sector) > 0.7, group_neutralize(ts_sum(anl4_epsr_flag / split, 240),densify(market)), -1)",,8,2025-06-12T13:24:26-04:00,,2025-06-12T17:24:29-04:00,fundamental6_usa_3step,False,False,GREEN,,['fundamental6_usa_3step'],[],GOOD,IS,UNSUBMITTED,6536596,20000000,1459,648,0.0219,0.1321,0.0805,0.012089,1.76,1.71,2018-01-20,"[{'name': 'LOW_SHARPE', 'result': 'PASS', 'limit': 1.25, 'value': 1.71}, {'name': 'LOW_FITNESS', 'result': 'PASS', 'limit': 1.0, 'value': 1.76}, {'name': 'LOW_TURNOVER', 'result': 'PASS', 'limit': 0.01, 'value': 0.0219}, {'name': 'HIGH_TURNOVER', 'result': 'PASS', 'limit': 0.7, 'value': 0.0219}, {'name': 'CONCENTRATED_WEIGHT', 'result': 'PASS'}, {'name': 'LOW_SUB_UNIVERSE_SHARPE', 'result': 'PASS', 'limit': 0.74, 'value': 0.89}, {'name': 'SELF_CORRELATION', 'result': 'PENDING'}, {'name': 'MATCHES_COMPETITION', 'result': 'PASS', 'competitions': [{'id': 'challenge', 'name': 'Challenge'}, {'id': 'IQC2025S2', 'name': 'International Quant Championship 2025 Stage 2'}]}]",,,,,,,,,0.0,0.8963350800267286
d3nQVQg,REGULAR,JZ45236,EQUITY,USA,TOP3000,1,6,SUBINDUSTRY,0.08,ON,VERIFY,ON,FASTEXPR,False,"trade_when(ts_corr(close, volume, 20) < 0, group_rank(-ts_quantile(anl4_cfi_low / fnd6_newa2v1300_ni, 120),densify(bucket(group_rank(cap,sector),range='0,1,0.1'))), -1)",,10,2025-06-12T17:01:45-04:00,,2025-06-12T21:01:48-04:00,fundamental6_usa_3step,False,False,GREEN,,['fundamental6_usa_3step'],[],AVERAGE,IS,UNSUBMITTED,2924217,20000000,1369,1411,0.0345,0.0591,0.0338,0.003425,1.15,1.67,2018-01-20,"[{'name': 'LOW_SHARPE', 'result': 'PASS', 'limit': 1.25, 'value': 1.67}, {'name': 'LOW_FITNESS', 'result': 'PASS', 'limit': 1.0, 'value': 1.15}, {'name': 'LOW_TURNOVER', 'result': 'PASS', 'limit': 0.01, 'value': 0.0345}, {'name': 'HIGH_TURNOVER', 'result': 'PASS', 'limit': 0.7, 'value': 0.0345}, {'name': 'CONCENTRATED_WEIGHT', 'result': 'PASS'}, {'name': 'LOW_SUB_UNIVERSE_SHARPE', 'result': 'PASS', 'limit': 0.72, 'value': 1.0}, {'name': 'SELF_CORRELATION', 'result': 'PENDING'}, {'name': 'MATCHES_COMPETITION', 'result': 'PASS', 'competitions': [{'id': 'challenge', 'name': 'Challenge'}, {'id': 'IQC2025S2', 'name': 'International Quant Championship 2025 Stage 2'}]}]",,,,,,,,,0.0,0.9025088750615663
3kE9Neg,REGULAR,JZ45236,EQUITY,USA,TOP3000,1,6,SUBINDUSTRY,0.08,ON,VERIFY,ON,FASTEXPR,False,"trade_when(ts_corr(close, volume, 5) > 0.3, group_zscore(ts_sum(anl4_epsr_flag / split, 120),densify(bucket(group_rank(cap,sector),range='0,1,0.1'))), -1)",,9,2025-06-12T18:08:55-04:00,,2025-06-12T22:08:56-04:00,fundamental6_usa_3step,False,False,,,['fundamental6_usa_3step'],[],GOOD,IS,UNSUBMITTED,5496025,20000000,2095,950,0.03,0.1111,0.0675,0.00741,1.53,1.62,2018-01-20,"[{'name': 'LOW_SHARPE', 'result': 'PASS', 'limit': 1.25, 'value': 1.62}, {'name': 'LOW_FITNESS', 'result': 'PASS', 'limit': 1.0, 'value': 1.53}, {'name': 'LOW_TURNOVER', 'result': 'PASS', 'limit': 0.01, 'value': 0.03}, {'name': 'HIGH_TURNOVER', 'result': 'PASS', 'limit': 0.7, 'value': 0.03}, {'name': 'CONCENTRATED_WEIGHT', 'result': 'PASS'}, {'name': 'LOW_SUB_UNIVERSE_SHARPE', 'result': 'PASS', 'limit': 0.7, 'value': 0.93}, {'name': 'SELF_CORRELATION', 'result': 'PENDING'}, {'name': 'MATCHES_COMPETITION', 'result': 'PASS', 'competitions': [{'id': 'challenge', 'name': 'Challenge'}, {'id': 'IQC2025S2', 'name': 'International Quant Championship 2025 Stage 2'}]}]",,,,,,,,,0.0,0.9080330425687632
d3nkvLw,REGULAR,JZ45236,EQUITY,USA,TOP3000,1,6,SUBINDUSTRY,0.08,ON,VERIFY,ON,FASTEXPR,False,"trade_when(ts_corr(close, volume, 20) < 0, group_rank(ts_arg_max(anl4_ebitda_value / fnd6_newa1v1300_cshfd, 22),densify(bucket(group_rank(cap,sector),range='0,1,0.1'))), -1)",,9,2025-06-12T14:31:15-04:00,,2025-06-12T18:31:18-04:00,fundamental6_usa_3step,False,False,GREEN,,['fundamental6_usa_3step'],[],AVERAGE,IS,UNSUBMITTED,3115242,20000000,1642,1110,0.073,0.063,0.05,0.001724,1.06,1.5,2018-01-20,"[{'name': 'LOW_SHARPE', 'result': 'PASS', 'limit': 1.25, 'value': 1.5}, {'name': 'LOW_FITNESS', 'result': 'PASS', 'limit': 1.0, 'value': 1.06}, {'name': 'LOW_TURNOVER', 'result': 'PASS', 'limit': 0.01, 'value': 0.073}, {'name': 'HIGH_TURNOVER', 'result': 'PASS', 'limit': 0.7, 'value': 0.073}, {'name': 'CONCENTRATED_WEIGHT', 'result': 'PASS'}, {'name': 'LOW_SUB_UNIVERSE_SHARPE', 'result': 'PASS', 'limit': 0.65, 'value': 0.73}, {'name': 'SELF_CORRELATION', 'result': 'PENDING'}, {'name': 'MATCHES_COMPETITION', 'result': 'PASS', 'competitions': [{'id': 'challenge', 'name': 'Challenge'}, {'id': 'IQC2025S2', 'name': 'International Quant Championship 2025 Stage 2'}]}]",,,,,,,,,0.0,0.909384553625185
neZrL6z,REGULAR,JZ45236,EQUITY,USA,TOP3000,1,6,SUBINDUSTRY,0.08,ON,VERIFY,ON,FASTEXPR,False,"trade_when(ts_corr(close, volume, 5) > 0.3, group_rank(-ts_quantile(anl4_cfi_low / fnd6_newa2v1300_ni, 120),densify(industry)), abs(returns) > 0.1)",,10,2025-06-12T13:00:38-04:00,,2025-06-12T17:00:39-04:00,fundamental6_usa_3step,False,False,,,['fundamental6_usa_3step'],[],AVERAGE,IS,UNSUBMITTED,2600204,20000000,1299,1370,0.0786,0.0526,0.0494,0.001336,1.02,1.58,2018-01-20,"[{'name': 'LOW_SHARPE', 'result': 'PASS', 'limit': 1.25, 'value': 1.58}, {'name': 'LOW_FITNESS', 'result': 'PASS', 'limit': 1.0, 'value': 1.02}, {'name': 'LOW_TURNOVER', 'result': 'PASS', 'limit': 0.01, 'value': 0.0786}, {'name': 'HIGH_TURNOVER', 'result': 'PASS', 'limit': 0.7, 'value': 0.0786}, {'name': 'CONCENTRATED_WEIGHT', 'result': 'PASS'}, {'name': 'LOW_SUB_UNIVERSE_SHARPE', 'result': 'PASS', 'limit': 0.68, 'value': 0.93}, {'name': 'SELF_CORRELATION', 'result': 'PENDING'}, {'name': 'MATCHES_COMPETITION', 'result': 'PASS', 'competitions': [{'id': 'challenge', 'name': 'Challenge'}, {'id': 'IQC2025S2', 'name': 'International Quant Championship 2025 Stage 2'}]}]",,,,,,,,,0.0,0.9144337836563183
YE2Rwgv,REGULAR,JZ45236,EQUITY,USA,TOP3000,1,6,SUBINDUSTRY,0.08,ON,VERIFY,ON,FASTEXPR,False,"group_rank(ts_rank(anl4_ebitda_value / enterprise_value, 120),densify(market))",,4,2025-06-12T13:58:20-04:00,,2025-06-12T17:58:22-04:00,fundamental6_usa_2step,False,False,GREEN,,['fundamental6_usa_2step'],[],AVERAGE,IS,UNSUBMITTED,3236775,20000000,1177,1464,0.0852,0.0654,0.0401,0.001536,1.14,1.58,2018-01-20,"[{'name': 'LOW_SHARPE', 'result': 'PASS', 'limit': 1.25, 'value': 1.58}, {'name': 'LOW_FITNESS', 'result': 'PASS', 'limit': 1.0, 'value': 1.14}, {'name': 'LOW_TURNOVER', 'result': 'PASS', 'limit': 0.01, 'value': 0.0852}, {'name': 'HIGH_TURNOVER', 'result': 'PASS', 'limit': 0.7, 'value': 0.0852}, {'name': 'CONCENTRATED_WEIGHT', 'result': 'PASS'}, {'name': 'LOW_SUB_UNIVERSE_SHARPE', 'result': 'PASS', 'limit': 0.68, 'value': 1.23}, {'name': 'SELF_CORRELATION', 'result': 'PENDING'}, {'name': 'MATCHES_COMPETITION', 'result': 'PASS', 'competitions': [{'id': 'challenge', 'name': 'Challenge'}, {'id': 'IQC2025S2', 'name': 'International Quant Championship 2025 Stage 2'}]}]",,,,,,,,,0.0,0.9607316926158103
E8a0QlJ,REGULAR,JZ45236,EQUITY,USA,TOP3000,1,6,SUBINDUSTRY,0.08,ON,VERIFY,ON,FASTEXPR,False,"trade_when(group_rank(ts_std_dev(returns,60), sector) > 0.7, group_rank(ts_arg_min(anl4_ebitda_value / pv13_revere_term_sector_total, 120),densify(subindustry)), abs(returns) > 0.1)",,10,2025-06-11T19:02:01-04:00,,2025-06-12T11:49:33-04:00,fundamental6_usa_3step,False,False,GREEN,,['fundamental6_usa_3step'],[],AVERAGE,IS,UNSUBMITTED,4626451,20000000,568,740,0.1132,0.0935,0.0624,0.001653,1.4,1.62,2018-01-20,"[{'name': 'LOW_SHARPE', 'result': 'PASS', 'limit': 1.25, 'value': 1.62}, {'name': 'LOW_FITNESS', 'result': 'PASS', 'limit': 1.0, 'value': 1.4}, {'name': 'LOW_TURNOVER', 'result': 'PASS', 'limit': 0.01, 'value': 0.1132}, {'name': 'HIGH_TURNOVER', 'result': 'PASS', 'limit': 0.7, 'value': 0.1132}, {'name': 'CONCENTRATED_WEIGHT', 'result': 'PASS'}, {'name': 'LOW_SUB_UNIVERSE_SHARPE', 'result': 'PASS', 'limit': 0.7, 'value': 1.04}, {'name': 'SELF_CORRELATION', 'result': 'PENDING'}, {'name': 'MATCHES_COMPETITION', 'result': 'PASS', 'competitions': [{'id': 'challenge', 'name': 'Challenge'}, {'id': 'IQC2025S2', 'name': 'International Quant Championship 2025 Stage 2'}]}]",,,,,,,,,0.0,0.9744064686258564
